tconst,averageRating,numVotes,Id
tt0038650,8.6,339858,150
tt0031381,8.2,256446,2126
tt0032138,8.0,342128,2719
tt0032553,8.5,172952,3043
tt0032910,7.5,111035,3321
tt0032976,8.1,107403,3368
tt0033467,8.4,352700,3774
tt0033563,7.3,102813,3849
tt0033870,8.1,136795,4112
tt0034492,7.3,112965,4606
tt0034583,8.5,460503,4686
tt0036775,8.3,122163,6432
tt0040522,8.3,120938,7964
tt0040746,8.0,112106,8141
tt0041959,8.2,138661,9074
tt0021749,8.5,139749,9222
tt0022100,8.3,122419,9448
tt0027977,8.5,181571,13649
tt0029583,7.6,158470,14863
tt0042192,8.3,103448,15577
tt0042332,7.3,126426,15698
tt0042876,8.3,128528,16154
tt0043014,8.4,172127,16260
tt0043274,7.4,112284,16456
tt0044079,8.0,111345,17116
tt0045152,8.3,188651,17968
tt0046183,7.3,107573,18781
tt0046250,8.1,114931,18834
tt0017136,8.3,137747,23299
tt0177789,7.3,135556,25712
tt0177971,6.4,144481,25805
tt0180093,8.3,679094,26985
tt0181689,7.7,457606,27884
tt0181852,6.3,341841,27966
tt0181865,7.6,183555,27970
tt0181875,7.9,230504,27977
tt0106856,7.6,152233,28357
tt0106918,6.8,102692,28411
tt0106977,7.8,239306,28464
tt0107048,8.0,525309,28519
tt0107207,8.1,136875,28651
tt0107290,8.1,755498,28717
tt0107362,6.3,121370,28776
tt0107614,7.0,212684,28979
tt0107688,8.0,261069,29035
tt0107818,7.7,201615,29140
tt0107977,6.7,103978,29262
tt0108052,8.9,1043890,29324
tt0108160,6.8,140978,29407
tt0108358,7.8,110730,29573
tt0108399,7.9,184002,29606
tt0108550,7.8,192914,29712
tt0108778,8.9,628972,29901
tt0109040,6.9,247898,30122
tt0109445,7.8,198029,30458
tt0109506,7.6,151987,30512
tt0109686,7.3,321903,30667
tt0109707,7.9,154866,30682
tt0109830,8.8,1541203,30788
tt0109831,7.1,122665,30789
tt0084516,7.4,125141,31425
tt0084602,6.8,148962,31496
tt0084726,7.7,102747,31595
tt0084787,8.1,319312,31647
tt0084827,6.8,104041,31681
tt0085334,8.0,117584,32105
tt0085959,7.6,101109,32624
tt0086190,8.3,832773,32810
tt0086250,8.3,641507,32866
tt0086465,7.5,119474,33047
tt0086879,8.3,325579,33401
tt0086960,7.3,144885,33467
tt0087182,6.6,108522,33651
tt0087332,7.8,314479,33773
tt0087363,7.2,170382,33795
tt0061722,8.0,232930,33925
tt0061852,7.6,145564,34035
tt0062622,8.3,522112,34670
tt0063350,7.9,102429,35280
tt0063442,8.0,153316,35358
tt0063522,8.0,164601,35425
tt0064115,8.1,181998,35936
tt0064116,8.5,261761,35937
tt0054215,8.5,516078,36690
tt0054331,7.9,110609,36785
tt0054698,7.7,147216,37093
tt0055254,7.2,132637,37571
tt0055928,7.3,130888,38149
tt0056172,8.3,233521,38362
tt0056592,8.3,263029,38734
tt0056869,7.7,150590,38972
tt0057012,8.4,403021,39105
tt0057076,7.5,102727,39156
tt0057115,8.2,198970,39188
tt0058150,7.7,154979,40076
tt0058331,7.8,129246,40236
tt0058461,8.0,172762,40351
tt0059578,8.3,196896,41290
tt0059742,8.0,174427,41426
tt0060196,8.9,599317,41814
tt0061512,8.1,143447,42896
tt0066921,8.3,665743,44648
tt0066999,7.8,128859,44720
tt0067992,7.8,154307,45579
tt0046912,8.2,135451,46076
tt0047296,8.2,124442,46390
tt0047396,8.5,384035,46473
tt0047478,8.7,273493,46544
tt0048280,7.3,104164,47203
tt0050083,8.9,567370,48689
tt0050212,8.2,180630,48795
tt0050825,8.4,149696,49311
tt0050976,8.2,138034,49437
tt0052357,8.3,308189,50581
tt0052618,8.1,195750,50798
tt0053125,8.3,262620,51230
tt0053285,7.3,118190,51361
tt0053291,8.2,212170,51366
tt0053604,8.3,137266,51634
tt0068646,9.2,1385556,52500
tt0087469,7.6,389879,52909
tt0087538,7.2,153577,52969
tt0087544,8.1,123429,52973
tt0087800,7.5,179462,53184
tt0087843,8.4,266834,53221
tt0087928,6.7,100637,53292
tt0088247,8.0,706664,53558
tt0088258,8.0,117670,53567
tt0088323,7.4,115600,53620
tt0088763,8.5,896271,53994
tt0088846,8.0,171377,54066
tt0088847,7.9,308301,54067
tt0088944,6.7,129825,54155
tt0076759,8.6,1085073,54401
tt0077402,8.0,101299,54954
tt0077416,8.1,276537,54967
tt0077631,7.2,201443,55145
tt0077651,7.8,197875,55163
tt0077975,7.6,102659,55445
tt0078346,7.3,143975,55757
tt0078748,8.5,689221,56105
tt0078788,8.5,529788,56141
tt0079116,7.6,101410,56425
tt0079417,7.8,114619,56685
tt0079470,8.1,323418,56725
tt0079501,7.0,172523,56753
tt0079522,8.0,119123,56768
tt0079817,7.2,164874,57015
tt0080339,7.8,185085,57445
tt0080455,7.9,163220,57542
tt0080678,8.2,194475,57740
tt0080684,8.8,1014952,57746
tt0080761,6.5,101885,57814
tt0081398,8.2,278750,58336
tt0081505,8.4,749363,58426
tt0082096,8.4,201794,58938
tt0082198,6.9,125530,59024
tt0082340,7.2,108661,59149
tt0082694,7.6,151458,59448
tt0082971,8.5,782620,59681
tt0083658,8.2,606770,60265
tt0083866,7.9,327088,60449
tt0083907,7.5,165244,60484
tt0083944,7.7,196415,60519
tt0083987,8.1,202513,60551
tt0089218,7.8,210296,60732
tt0089530,6.3,115347,60993
tt0089880,6.4,134080,61294
tt0089927,6.8,160966,61339
tt0090605,8.4,582466,61928
tt0090728,7.3,109376,62028
tt0090756,7.8,157567,62051
tt0091042,7.8,281264,62293
tt0091064,7.5,140421,62311
tt0091203,7.2,110538,62422
tt0091369,7.4,109844,62559
tt0110148,7.6,268460,62744
tt0110322,7.5,129077,62878
tt0110357,8.5,798547,62903
tt0110413,8.6,887226,62951
tt0110475,6.9,305199,63003
tt0110632,7.3,195475,63121
tt0110912,8.9,1578153,63354
tt0111161,9.3,2021785,63568
tt0111257,7.2,294477,63643
tt0111282,7.1,162558,63667
tt0111503,7.2,214428,63838
tt0070047,8.0,322652,64973
tt0070511,8.0,109629,65364
tt0070735,8.3,211940,65557
tt0071230,7.8,112709,65989
tt0071315,8.2,257675,66065
tt0071562,9.0,959584,66281
tt0071853,8.3,446545,66541
tt0072271,7.5,116966,66897
tt0072431,8.0,130383,67033
tt0072684,8.1,127512,67255
tt0072890,8.0,213535,67433
tt0073195,8.0,494921,67673
tt0073486,8.7,803004,67899
tt0073629,7.4,119199,68014
tt0074285,7.4,147416,68566
tt0074958,8.1,126969,69132
tt0075148,8.1,456457,69291
tt0075314,8.3,614014,69430
tt0075686,8.0,231870,69737
tt0075860,7.7,162847,69884
tt0112281,6.3,182689,70781
tt0112384,7.6,238824,70859
tt0112431,6.8,106060,70896
tt0112442,6.8,200401,70905
tt0112462,5.4,214882,70922
tt0112471,8.1,229686,70930
tt0112508,6.4,118317,70959
tt0112573,8.4,868002,71013
tt0112641,8.2,400778,71070
tt0112642,6.1,103129,71071
tt0112697,6.8,150049,71119
tt0112851,7.2,155737,71247
tt0112864,7.6,332967,71259
tt0113189,7.2,218451,71524
tt0113247,8.1,128094,71570
tt0113277,8.2,508600,71597
tt0113492,5.5,100377,71762
tt0113497,6.9,260126,71764
tt0113568,8.0,111244,71817
tt0113627,7.5,104450,71858
tt0099077,7.8,108575,71915
tt0099088,7.4,344011,71926
tt0099348,8.0,214392,72149
tt0099423,7.1,304535,72219
tt0099487,7.9,405129,72275
tt0099653,7.0,174087,72411
tt0099674,7.6,318448,72430
tt0099685,8.7,871369,72439
tt0099785,7.5,384992,72523
tt0099810,7.6,160658,72542
tt0099938,6.1,121887,72647
tt0100150,7.8,115679,72815
tt0100157,7.8,159078,72821
tt0100403,6.3,128883,73018
tt0100405,7.0,250428,73020
tt0100507,5.2,110644,73109
tt0100802,7.5,271553,73350
tt0100814,7.2,105447,73359
tt0101272,6.9,111746,73739
tt0101410,7.7,101647,73848
tt0101414,8.0,377507,73851
tt0101507,7.8,108665,73933
tt0101540,7.3,148651,73960
tt0102057,6.7,208065,74392
tt0102138,8.0,128105,74461
tt0102685,7.2,133443,74908
tt0102798,6.9,162316,75004
tt0102926,8.6,1085373,75114
tt0103064,8.5,876511,75224
tt0103074,7.4,118195,75233
tt0103639,8.0,308494,75693
tt0103644,6.4,247839,75698
tt0103772,6.9,152544,75794
tt0103776,7.0,246023,75797
tt0103855,6.2,105021,75868
tt0103874,7.5,168394,75884
tt0104257,7.7,208931,76199
tt0104431,6.7,249872,76340
tt0104691,7.8,132381,76561
tt0104714,6.7,142841,76577
tt0105236,8.3,794748,76994
tt0105323,8.0,224996,77062
tt0105695,8.2,330157,77369
tt0105793,7.0,128849,77440
tt0106179,8.7,178380,77768
tt0106308,7.6,147779,77866
tt0106489,7.8,113198,78016
tt0106519,7.9,181665,78043
tt0106582,6.4,108220,78097
tt0106677,7.7,143325,78175
tt0106697,6.6,141249,78193
tt0113749,7.2,107232,78302
tt0114148,6.7,145815,78622
tt0114369,8.6,1236050,78799
tt0137523,8.8,1617370,79523
tt0138097,7.1,197020,79742
tt0138704,7.4,158139,80065
tt0139134,6.8,164832,80290
tt0139654,7.7,347571,80519
tt0140352,7.9,146995,80842
tt0141842,9.2,238045,81515
tt0142342,6.4,180823,81781
tt0142688,6.7,151146,81931
tt0143145,6.4,172435,82164
tt0144084,7.6,417514,82571
tt0144117,7.8,213982,82595
tt0145487,7.3,621723,83196
tt0091763,8.1,342332,83423
tt0092005,8.1,324485,83629
tt0092067,8.1,122541,83683
tt0092099,6.9,254272,83710
tt0092890,6.9,168144,84392
tt0092965,7.8,103087,84458
tt0092991,7.8,131933,84478
tt0093058,8.3,587633,84534
tt0093105,7.3,113506,84569
tt0093409,7.6,214863,84828
tt0093437,7.3,108296,84855
tt0093748,7.6,106561,85119
tt0093773,7.8,336505,85139
tt0093779,8.1,347319,85145
tt0093822,7.4,113603,85184
tt0093870,7.6,209304,85221
tt0093894,6.7,127059,85241
tt0094012,7.1,154973,85342
tt0094226,7.9,248451,85523
tt0094291,7.4,131950,85573
tt0094625,8.1,132614,85855
tt0094721,7.5,224004,85936
tt0094737,7.3,173371,85948
tt0094898,7.0,140855,86094
tt0095016,8.2,696221,86210
tt0095159,7.6,119791,86328
tt0095327,8.5,185746,86472
tt0095705,7.6,132559,86781
tt0095765,8.5,192431,86833
tt0095953,8.0,431320,86994
tt0095956,5.8,105648,86997
tt0096283,8.2,227537,87282
tt0096320,6.0,100378,87314
tt0096438,7.7,163993,87412
tt0096697,8.7,322308,87647
tt0096754,7.6,148138,87693
tt0096874,7.8,408637,87787
tt0096895,7.5,304927,87805
tt0097165,8.1,351275,88047
tt0097428,6.5,162538,88260
tt0097441,7.9,111328,88271
tt0097523,6.3,125320,88336
tt0097576,8.3,612154,88381
tt0097733,7.2,145352,88515
tt0097757,7.6,204571,88533
tt0097958,7.6,126203,88705
tt0098635,7.6,172232,89281
tt0098800,7.9,104071,89428
tt0098904,8.9,214205,89520
tt0098936,8.8,147708,89551
tt0145660,6.6,199444,89613
tt0145681,6.7,137635,89625
tt0146316,5.8,181282,89872
tt0146838,6.9,105109,90058
tt0146882,7.5,156042,90072
tt0147800,7.3,261301,90395
tt0123755,7.3,185674,91469
tt0125439,7.1,236283,92462
tt0125664,7.4,114293,92600
tt0126029,7.9,541180,92820
tt0128442,7.3,132617,94038
tt0128445,7.7,153878,94040
tt0128853,6.6,173185,94254
tt0129167,8.0,152396,94371
tt0129387,7.1,269678,94453
tt0130827,7.7,176158,95003
tt0133093,8.7,1450390,95952
tt0133152,5.7,198385,95992
tt0133751,6.5,101394,96255
tt0134084,5.6,111663,96378
tt0134119,7.4,157527,96392
tt0134273,6.5,113858,96468
tt0134847,7.1,210921,96743
tt0149261,5.8,112938,97463
tt0149460,8.5,188293,97577
tt0182576,8.2,274611,98071
tt0183505,6.6,205656,98558
tt0183649,7.1,231830,98634
tt0183790,6.9,153893,98715
tt0184894,6.6,109118,99279
tt0185906,9.5,300979,99792
tt0185937,6.4,212302,99810
tt0187078,6.5,240900,100440
tt0187393,7.2,231986,100625
tt0187738,6.7,181627,100838
tt0114709,8.3,761036,101564
tt0114746,8.0,530283,101594
tt0114814,8.6,877061,101647
tt0114898,6.2,162205,101707
tt0115798,6.1,137887,102439
tt0116209,7.4,161977,102781
tt0116282,8.1,544004,102838
tt0116367,7.3,252310,102908
tt0116483,7.0,176238,103001
tt0116583,6.9,122520,103080
tt0116629,7.0,483765,103118
tt0116695,7.3,216898,103169
tt0116922,7.6,115044,103352
tt0116996,6.3,192086,103407
tt0117008,6.9,106741,103417
tt0117060,7.1,349077,103457
tt0117381,7.7,157323,103714
tt0117438,6.6,109020,103758
tt0117500,7.4,286977,103805
tt0117509,6.8,190361,103814
tt0117571,7.2,254946,103861
tt0117665,7.6,171720,103943
tt0117705,6.4,135917,103973
tt0117731,7.6,108020,103992
tt0117913,7.4,115946,104148
tt0117951,8.2,572941,104181
tt0117998,6.3,158926,104224
tt0118276,8.2,115271,104441
tt0118571,6.5,163570,104671
tt0118583,6.2,204752,104681
tt0118617,7.1,100325,104706
tt0118655,7.0,202044,104737
tt0118688,3.7,212887,104763
tt0118694,8.1,101083,104768
tt0118715,8.1,639529,104789
tt0118749,7.9,215045,104817
tt0118799,8.6,528794,104862
tt0118842,7.3,123405,104897
tt0118880,6.8,251292,104933
tt0118884,7.4,229965,104937
tt0118929,7.7,174201,104979
tt0118971,7.5,294486,105015
tt0119008,7.8,250488,105048
tt0119081,6.7,139577,105107
tt0119094,7.3,318168,105119
tt0119116,7.7,391695,105140
tt0119174,7.8,305799,105191
tt0119177,7.8,253268,105193
tt0119217,8.3,739385,105225
tt0119282,7.3,174824,105281
tt0119345,5.7,120014,105336
tt0119396,7.5,273446,105377
tt0119488,8.3,480221,105449
tt0119528,6.9,252184,105484
tt0119567,6.5,332155,105516
tt0119643,7.2,190032,105583
tt0119654,7.3,461632,105591
tt0119698,8.4,282075,105630
tt0119738,6.3,113027,105662
tt0119822,7.7,248413,105727
tt0120082,6.1,141186,105948
tt0120102,7.0,109659,105964
tt0120188,7.1,150335,106037
tt0120201,7.2,246467,106050
tt0120338,7.8,921227,106170
tt0120347,6.5,164846,106176
tt0120363,7.9,451439,106191
tt0120382,8.1,807847,106208
tt0120484,6.1,134340,106289
tt0120586,8.5,921497,106371
tt0120587,6.6,136492,106372
tt0120591,6.7,361247,106374
tt0120601,7.8,283197,106380
tt0120611,7.1,219911,106389
tt0120616,7.0,357866,106391
tt0120623,7.2,241245,106397
tt0120630,7.0,159406,106403
tt0120632,6.7,104920,106405
tt0120647,6.2,148354,106416
tt0120655,7.3,195438,106421
tt0120657,6.6,109132,106422
tt0120660,7.3,209290,106425
tt0120663,7.4,264755,106428
tt0120667,5.7,291479,106430
tt0120669,7.7,237442,106432
tt0120681,6.8,137111,106440
tt0120685,5.3,167069,106443
tt0120689,8.5,968817,106446
tt0120735,8.2,480512,106479
tt0120737,8.8,1455521,106480
tt0120744,6.5,142458,106486
tt0120746,6.7,152815,106488
tt0120755,6.1,282301,106495
tt0120762,7.6,212640,106499
tt0120768,7.3,119652,106505
tt0120783,6.5,104819,106518
tt0120784,7.1,122621,106519
tt0120789,7.5,112647,106524
tt0120794,7.1,105246,106528
tt0120804,6.7,226589,106536
tt0120812,7.0,213963,106540
tt0120815,8.6,1066004,106542
tt0120855,7.3,174555,106567
tt0120863,7.6,157157,106573
tt0120888,6.8,122101,106594
tt0120891,4.9,142042,106597
tt0120903,7.4,520521,106604
tt0120912,6.1,302105,106608
tt0120915,6.5,633668,106610
tt0120917,7.3,154199,106611
tt0121164,7.4,218181,106744
tt0121765,6.6,555539,107031
tt0121766,7.6,619565,107032
tt0121955,8.7,290758,107119
tt0122151,6.6,140847,107232
tt0122690,7.3,158909,107580
tt0122933,6.7,135592,107735
tt0163651,7.0,345489,108023
tt0163978,6.6,202860,108173
tt0164052,5.7,112708,108218
tt0164912,5.9,111064,108600
tt0165598,8.1,136011,108960
tt0166924,8.0,282861,109706
tt0167190,6.9,277234,109853
tt0167260,8.9,1438839,109898
tt0167261,8.7,1300755,109899
tt0167404,8.1,820731,109981
tt0169547,8.4,963165,111041
tt0170016,6.1,171673,111236
tt0172156,6.6,201252,112109
tt0172493,7.4,143477,112216
tt0172495,8.5,1168650,112217
tt0175142,6.2,210140,113307
tt0175880,8.0,265163,113631
tt0190138,6.7,100419,114645
tt0190332,7.9,236043,114734
tt0190590,7.8,256908,114837
tt0193676,8.8,114540,116175
tt0195685,7.3,154052,117088
tt0195714,6.7,205490,117102
tt0196229,6.6,226144,117317
tt0198781,8.1,712114,118522
tt0200465,7.3,163692,119294
tt0203009,7.6,247329,120423
tt0151804,7.8,222079,121585
tt0158983,7.8,178641,124864
tt0159097,7.2,131494,124898
tt0159365,7.2,129745,125030
tt0160127,5.5,159796,125429
tt0161081,6.6,108245,125909
tt0162222,7.8,458791,126426
tt0162346,7.4,105333,126463
tt0162661,7.4,299586,126561
tt0163025,5.9,262567,126753
tt0413573,7.6,201708,126922
tt0414387,7.8,224016,127175
tt0414982,5.8,117145,127436
tt0414993,7.3,212838,127441
tt0415306,6.6,149103,127612
tt0416320,7.6,187323,128017
tt0416449,7.7,676945,128099
tt0417148,5.5,124190,128394
tt0417299,9.2,178580,128467
tt0417741,7.6,398785,128665
tt0418279,7.1,559145,128877
tt0418689,7.1,109945,129027
tt0418763,7.0,159144,129058
tt0420223,7.6,203974,129666
tt0368447,6.5,220309,129918
tt0368891,6.9,280169,130157
tt0369179,7.1,222482,130289
tt0369339,7.5,328596,130351
tt0369441,6.1,122740,130389
tt0369610,7.0,520437,130437
tt0370263,5.6,168569,130704
tt0371724,6.8,174180,131269
tt0371746,7.9,819918,131278
tt0372183,7.8,398589,131487
tt0372588,7.2,148308,131645
tt0372784,8.3,1155363,131729
tt0373051,5.8,101465,131829
tt0373074,7.8,113047,131833
tt0373469,7.6,198655,132002
tt0373883,6.1,100398,132195
tt0373889,7.5,433645,132200
tt0318627,6.2,171734,132805
tt0319061,8.0,383233,133001
tt0319262,6.4,375283,133089
tt0319343,6.9,177430,133121
tt0320661,7.2,245067,133749
tt0320691,7.0,234805,133764
tt0322259,5.9,224086,134355
tt0322330,6.2,112114,134386
tt0324216,6.2,120498,135161
tt0278504,7.2,248290,135636
tt0279600,7.5,106579,136167
tt0280590,5.8,124002,136705
tt0281358,7.4,184103,137096
tt0234215,7.2,467385,138359
tt0221027,7.6,219644,141135
tt0223897,7.2,105590,142196
tt0227445,6.8,111294,143318
tt0230600,7.6,306800,144730
tt0232500,6.8,311805,145439
tt0238380,7.5,290433,146373
tt0240772,7.8,462818,147309
tt0206634,7.9,416163,148902
tt0207201,6.4,176574,149173
tt0208092,8.3,698646,149580
tt0209144,8.5,1001580,150032
tt0209163,6.3,277380,150038
tt0210945,7.8,180397,150776
tt0211915,8.3,632935,151276
tt0212338,7.0,287719,151439
tt0212346,6.2,162716,151442
tt0212671,8.0,106681,151593
tt0212720,7.1,269122,151624
tt0212985,6.8,231791,151721
tt0213149,6.1,287065,151783
tt0215129,6.5,145903,152553
tt0215750,7.6,218366,152811
tt0216216,5.9,108646,153016
tt0217505,7.5,361950,153621
tt0217869,7.3,309249,153790
tt0241303,7.3,165421,153845
tt0241527,7.6,546585,153905
tt0242423,5.5,126712,154222
tt0242653,6.7,405585,154335
tt0243155,6.7,200079,154558
tt0244244,6.5,166815,155029
tt0245429,8.6,532266,155617
tt0245574,7.7,103420,155672
tt0245712,8.1,202374,155731
tt0245844,7.8,117352,155796
tt0246460,6.1,187503,156122
tt0246578,8.1,680893,156176
tt0247638,6.3,112365,156664
tt0248654,8.7,107355,157067
tt0264464,8.1,685341,157596
tt0265086,7.7,330854,157848
tt0265208,6.7,187066,157899
tt0265459,6.8,106331,157995
tt0265666,7.6,239868,158075
tt0266308,7.7,156231,158338
tt0266543,8.1,837794,158430
tt0266697,8.1,874137,158483
tt0266915,6.6,180905,158580
tt0266987,7.1,132781,158606
tt0268126,7.7,162015,159054
tt0268380,7.5,385269,159173
tt0268695,5.9,111545,159310
tt0268978,8.2,744574,159433
tt0272152,7.4,164767,160778
tt0272338,7.3,128227,160866
tt0274166,6.2,130476,161689
tt0274558,7.6,114204,161885
tt0275847,7.2,143996,162561
tt0276751,7.1,157077,163007
tt0276919,8.0,122519,163093
tt0277027,7.6,133672,163143
tt0277296,5.5,119257,163247
tt0277434,7.2,117997,163298
tt0285331,8.4,160971,164595
tt0285403,8.4,219556,164640
tt0285823,6.4,142591,164858
tt0286106,6.7,306235,164997
tt0286716,5.7,234597,165288
tt0287978,5.3,194146,165846
tt0289043,7.6,338153,166332
tt0249462,7.7,111254,166582
tt0250494,6.2,157467,167030
tt0250687,6.4,100905,167112
tt0251075,6.1,110853,167297
tt0251127,6.4,184632,167325
tt0251160,7.1,112454,167342
tt0252866,6.4,220691,168088
tt0253474,8.5,614507,168292
tt0253556,6.2,117491,168320
tt0256380,5.9,119121,169427
tt0257044,7.7,223979,169661
tt0257076,6.0,129430,169669
tt0257106,5.3,135185,169681
tt0257360,7.2,115734,169794
tt0258000,6.8,231624,170070
tt0258463,7.9,464706,170282
tt0259324,5.2,204647,170684
tt0259446,6.6,111814,170747
tt0259711,6.9,229538,170881
tt0261392,6.9,138692,171693
tt0263488,6.2,100746,172709
tt0289765,7.2,226673,173047
tt0289879,7.7,409874,173121
tt0290002,6.3,233516,173182
tt0290334,7.5,467167,173369
tt0325703,5.5,119008,173747
tt0325710,7.7,360952,173750
tt0325805,7.3,116235,173795
tt0325980,8.0,941202,173860
tt0327056,8.0,379850,174257
tt0327084,6.7,143742,174267
tt0327597,7.7,174193,174438
tt0328107,7.7,300162,174599
tt0328828,6.3,178907,174847
tt0305224,6.2,188003,175449
tt0305357,4.9,110580,175514
tt0306047,5.5,125267,175828
tt0306414,9.3,234544,176009
tt0307453,6.0,150392,176471
tt0307901,7.7,160791,176673
tt0307987,7.1,124084,176716
tt0308644,7.7,188394,177008
tt0309593,6.2,136585,177431
tt0309698,7.3,204340,177483
tt0310793,8.0,132974,177992
tt0311113,7.4,186196,178128
tt0311429,5.8,154607,178249
tt0312004,7.5,112279,178507
tt0314331,7.6,368982,179649
tt0314353,6.6,104140,179662
tt0315327,6.7,337430,180093
tt0315733,7.7,208978,180279
tt0316654,7.3,483443,180660
tt0317219,7.1,314477,180888
tt0317248,8.6,624240,180903
tt0317705,8.0,575278,181087
tt0317740,7.0,315742,181103
tt0317919,6.9,297522,181174
tt0329101,5.8,100838,181270
tt0330373,7.7,467969,181741
tt0330793,6.5,139415,181890
tt0332280,7.9,459079,182508
tt0332379,7.1,237411,182552
tt0332452,7.2,439133,182583
tt0333766,7.5,199462,182951
tt0374900,6.9,180202,183377
tt0375063,7.5,166575,183430
tt0375679,7.8,394549,183646
tt0375912,7.4,148837,183738
tt0376541,7.3,186562,183973
tt0376994,6.7,439070,184178
tt0377092,7.0,291378,184234
tt0378194,8.0,593238,184674
tt0290673,7.4,102696,184766
tt0292506,6.6,122582,185655
tt0293508,7.3,107721,186094
tt0293564,6.2,137598,186123
tt0293662,6.8,263915,186168
tt0295178,6.2,179879,186905
tt0295297,7.4,471968,186988
tt0295701,5.9,162595,187210
tt0296572,6.7,200965,187613
tt0298130,7.1,291221,188342
tt0298148,7.2,366494,188353
tt0298203,7.1,221374,188379
tt0299658,7.2,196405,189074
tt0299977,7.9,163172,189198
tt0301357,7.7,126928,189797
tt0302886,7.1,200440,190435
tt0303461,9.0,219149,190735
tt0304141,7.9,467845,191066
tt0379725,7.4,114486,191680
tt0379786,7.9,264885,191704
tt0380510,6.7,141752,192023
tt0381061,8.0,527214,192273
tt0355295,5.9,108557,193440
tt0356150,6.6,179342,193841
tt0356910,6.5,403875,194150
tt0357413,7.2,301200,194359
tt0358082,6.3,118890,194591
tt0358273,7.9,207836,194662
tt0359013,5.9,151705,194951
tt0359950,7.3,269567,195299
tt0360486,7.0,269721,195526
tt0360717,7.2,357850,195612
tt0361596,7.5,120781,195945
tt0361748,8.3,1077566,196014
tt0361862,7.7,322320,196061
tt0362120,5.1,104489,196175
tt0362227,7.3,354595,196224
tt0362270,7.3,161673,196247
tt0363163,8.2,295407,196609
tt0363547,7.3,216234,196801
tt0363771,6.9,329656,196929
tt0363988,6.6,166005,197051
tt0364569,8.4,440898,197265
tt0364725,6.7,208470,197299
tt0364845,7.9,103127,197375
tt0365737,6.9,118745,197741
tt0365748,7.9,455859,197750
tt0365907,6.5,102167,197824
tt0366548,6.5,152969,198106
tt0366551,7.1,169429,198108
tt0366627,7.1,102014,198148
tt0367279,8.9,247410,198467
tt0367594,6.7,376381,198645
tt0367882,6.2,380469,198778
tt0381681,8.1,200732,198889
tt0381707,5.5,114618,198904
tt0381849,7.7,264213,198983
tt0382625,6.6,362778,199367
tt0421073,6.8,101360,199850
tt0421239,6.5,103411,199956
tt0421715,7.8,524985,200176
tt0424136,7.1,144371,200974
tt0424345,7.4,122878,201067
tt0425061,6.5,186092,201400
tt0425112,7.9,412784,201423
tt0425210,7.8,284785,201479
tt0427327,6.7,110187,202457
tt0427944,7.6,203818,202713
tt0335266,7.8,365255,203083
tt0335345,7.2,197120,203109
tt0335438,6.1,129542,203138
tt0337563,6.1,143208,203779
tt0337741,6.7,101031,203911
tt0337978,7.1,364925,204043
tt0338013,8.3,797249,204061
tt0338348,6.6,147221,204224
tt0338526,6.1,223909,204324
tt0338564,8.1,109504,204344
tt0338751,7.5,300217,204433
tt0339291,6.8,180889,204614
tt0340163,6.6,100819,204952
tt0340855,7.3,121459,205087
tt0343135,5.9,116445,205758
tt0343660,6.8,297169,205966
tt0343818,7.1,450419,206015
tt0346491,5.6,151910,207000
tt0347149,8.2,271104,207258
tt0348150,6.1,257138,207670
tt0349683,6.3,149617,208205
tt0349903,6.5,323801,208283
tt0350258,7.7,124579,208397
tt0351283,6.9,317326,208704
tt0352248,8.0,163662,208956
tt0397306,7.4,102258,209408
tt0397442,7.4,134820,209468
tt0397535,7.4,129530,209512
tt0397892,6.9,169037,209696
tt0398165,6.4,147074,209793
tt0398286,7.8,351574,209833
tt0398808,7.2,127901,210068
tt0399146,7.5,206780,210179
tt0399201,6.9,284387,210201
tt0399295,7.6,272696,210235
tt0401729,6.6,234371,211262
tt0401792,8.0,707072,211289
tt0401855,6.7,176700,211321
tt0402022,5.5,117885,211395
tt0404032,6.7,108791,212157
tt0405094,8.4,311613,212560
tt0405159,8.1,570723,212585
tt0405422,7.1,352768,212693
tt0407304,6.5,377862,213369
tt0407362,8.7,137707,213393
tt0407887,8.5,1038987,213642
tt0408236,7.4,315763,213791
tt0408306,7.6,194995,213829
tt0408790,6.3,140475,214002
tt0409459,7.6,441757,214182
tt0409847,6.0,192152,214357
tt0410297,6.8,126867,214521
tt0410975,7.5,104716,214789
tt0411008,8.4,443131,214808
tt0411477,7.0,233383,214995
tt0412142,8.8,363636,215217
tt0413099,5.4,127909,215513
tt0413267,6.1,245626,215587
tt0413300,6.2,445938,215602
tt0429493,6.8,231359,216033
tt0430105,6.9,122573,216208
tt0430357,6.0,101297,216314
tt0430922,6.9,208640,216588
tt0431197,7.0,111052,216683
tt0431308,7.1,188478,216717
tt0432021,6.3,169663,217034
tt0432283,7.8,170833,217146
tt0432348,6.6,213306,217185
tt0433035,7.1,279317,217421
tt0433362,6.5,114879,217518
tt0434409,8.2,927628,217964
tt0435625,7.2,180137,218363
tt0435651,6.5,102589,218381
tt0435705,6.2,137393,218417
tt0435761,8.3,656915,218455
tt0436992,8.7,178380,218934
tt0438097,6.8,226665,219358
tt0438488,6.6,314166,219485
tt0440963,8.0,571707,220395
tt0441773,7.6,365797,220731
tt0442933,6.2,152932,221132
tt0443272,7.4,223831,221231
tt0443274,6.6,136968,221233
tt0443453,7.3,326475,221335
tt0443543,7.6,331747,221403
tt0443649,5.1,118252,221479
tt0443680,7.5,153776,221501
tt0443706,7.7,375251,221522
tt0382932,8.0,555640,222024
tt0383574,7.3,598279,222310
tt0384537,6.6,198801,222632
tt0384766,8.8,136214,222717
tt0384793,6.5,115002,222735
tt0385002,7.5,131465,222808
tt0385004,7.6,100556,222809
tt0385752,6.1,164353,223131
tt0386588,6.6,271928,223480
tt0386676,8.8,272031,223509
tt0387131,7.4,123034,223703
tt0387199,8.5,149347,223727
tt0387564,7.6,344028,223908
tt0387808,6.6,128175,224025
tt0388482,6.3,175706,224328
tt0388795,7.7,292293,224501
tt0389722,6.6,153238,224994
tt0389790,6.1,123532,225018
tt0389860,6.4,276942,225043
tt0391198,5.9,128762,225581
tt0393162,7.3,107934,226303
tt0395169,8.1,306394,227370
tt0396171,7.5,214051,227878
tt0396269,7.0,307970,227922
tt0397065,5.3,105606,228278
tt0478970,7.3,459499,239867
tt0479143,7.2,184073,239999
tt0479884,7.0,217448,240308
tt0479952,6.7,175230,240353
tt0480025,7.7,108166,240401
tt0480249,7.2,616442,240482
tt0480687,5.9,112054,240662
tt0481369,6.4,181538,240922
tt0481499,7.2,172666,241004
tt0481536,6.6,123080,241034
tt0462322,7.6,167328,241503
tt0462499,7.0,197525,241606
tt0462538,7.3,285606,241623
tt0462590,6.5,102214,241649
tt0463854,7.0,237014,242005
tt0463985,6.0,212084,242067
tt0464141,7.5,134882,242162
tt0465234,6.5,201573,242424
tt0465494,6.3,151866,242515
tt0465538,7.3,146661,242537
tt0465602,6.7,138318,242561
tt0467197,5.4,116048,243207
tt0467406,7.5,457289,243235
tt0468569,9.0,1989485,243555
tt0469494,8.1,448940,243891
tt0470752,7.7,403779,244381
tt0471042,6.2,122672,244522
tt0472033,7.1,123362,244850
tt0472043,7.8,265351,244859
tt0472399,6.6,138175,245025
tt0472954,8.8,164959,245231
tt0473075,6.6,248800,245300
tt0473705,7.1,124101,245588
tt0475290,6.3,107021,245947
tt0475394,6.7,129895,246008
tt0475784,8.8,315517,246186
tt0477080,6.8,169005,246759
tt0477347,6.4,276791,246881
tt0477348,8.1,740229,246882
tt0478087,6.8,209676,247181
tt0478304,6.8,153396,247309
tt0478311,7.0,325647,247315
tt0482571,8.5,1027374,247815
tt0482606,6.2,107842,247838
tt0445934,6.3,144018,249327
tt0446029,7.5,327239,249396
tt0448011,6.2,205209,250205
tt0448134,7.3,215320,250247
tt0448157,6.4,399284,250264
tt0448694,6.6,129789,250432
tt0449010,5.1,115779,250560
tt0449059,7.8,400159,250590
tt0449088,7.1,542785,250606
tt0449467,7.5,268421,250710
tt0450232,6.6,120198,251041
tt0450259,8.0,452452,251059
tt0450278,5.9,155553,251072
tt0450385,6.8,237161,251138
tt0451079,6.8,118732,251384
tt0451279,7.5,449278,251521
tt0452046,8.1,132410,251703
tt0452594,5.8,113868,251871
tt0452608,6.4,184097,251882
tt0452623,7.7,227198,251891
tt0452694,7.1,129450,251936
tt0453451,6.4,102966,252237
tt0453467,7.1,270076,252245
tt0454841,6.4,146062,252648
tt0454848,7.6,306768,252654
tt0454876,7.9,516810,252663
tt0454921,8.0,393968,252688
tt0454945,6.4,133355,252699
tt0455275,8.4,417441,252815
tt0455407,6.5,102656,252882
tt0455590,7.7,162209,252971
tt0455824,6.6,111980,253074
tt0455944,7.2,287297,253145
tt0457430,8.2,555027,253763
tt0457939,6.9,210914,253979
tt0458339,6.9,624236,254124
tt0458352,6.9,328692,254134
tt0458481,6.5,136122,254219
tt0458525,6.6,423084,254248
tt0460627,7.9,127366,254886
tt0460649,8.3,522224,254902
tt0460681,8.5,340555,254929
tt0461770,7.1,161547,255315
tt0485947,7.9,190602,255409
tt0486576,5.6,233975,255653
tt0486655,7.7,234825,255703
tt0486822,6.9,203877,255763
tt0486946,5.9,107727,255792
tt0487831,8.5,113197,256085
tt0488120,7.2,164380,256254
tt0489099,6.1,266973,256668
tt0489270,6.2,162728,256708
tt0493464,6.7,333397,258244
tt0496424,8.2,101496,268302
tt0496806,6.9,290729,268440
tt0497465,7.1,223084,268636
tt0498380,7.9,144155,268999
tt0499448,6.5,173028,269393
tt0499549,7.8,1011079,269432
tt1032755,7.3,215683,330532
tt1033575,7.3,220634,330701
tt1033643,6.1,154819,330715
tt1034032,5.8,122956,330788
tt1034303,7.2,128149,330835
tt1037705,6.9,262911,331400
tt1038919,5.6,109615,331564
tt1038988,7.5,149652,331584
tt1041829,6.7,263733,332118
tt0942385,7.0,344519,333479
tt0944835,6.4,272279,334122
tt0944947,9.5,1379058,334171
tt0945513,7.5,440508,334374
tt0947798,8.0,629904,335095
tt0947810,6.8,120475,335101
tt0948470,7.0,511463,335238
tt0949731,5.0,181364,335501
tt0859163,5.2,136519,336561
tt0795176,9.4,139050,338597
tt0795421,6.4,183705,338695
tt0796366,8.0,549573,339027
tt0800039,7.2,242713,339928
tt0800080,6.8,382084,339953
tt0800320,5.8,251234,340099
tt0800369,7.0,645167,340124
tt0803096,6.9,218824,340740
tt0804497,7.1,123155,341310
tt0804503,8.6,173181,341313
tt0773262,8.7,581642,360693
tt0780504,7.8,506578,362653
tt0780521,7.1,105340,362662
tt0780536,7.9,352923,362671
tt0780571,7.3,134467,362690
tt0783233,7.8,222103,363303
tt0790636,8.0,390101,365394
tt0790724,7.0,276580,365440
tt0790736,5.6,106220,365444
tt0805564,7.3,128646,366998
tt0808151,6.7,245978,367609
tt0810819,7.1,138600,368726
tt0756683,7.9,156327,370650
tt0758730,4.7,106375,371473
tt0758752,6.7,163363,371490
tt0758758,8.1,510683,371496
tt0758774,7.1,195180,371507
tt0762107,6.0,131171,372800
tt0765010,7.1,100577,373838
tt0765429,7.8,358510,373903
tt0765443,7.7,210142,373914
tt0770828,7.1,627987,375582
tt0813715,7.6,215752,376080
tt0814255,5.9,161182,376349
tt0814314,7.6,262183,376378
tt0870984,6.6,102992,377771
tt0837562,7.1,198020,378820
tt0838221,7.2,160827,379050
tt0838283,6.9,239938,379083
tt0840361,7.6,315199,379853
tt0842926,7.0,119209,380565
tt0844441,7.9,216386,381026
tt0844471,7.0,179571,381046
tt0848228,8.1,1134656,382148
tt0876563,7.7,103345,385655
tt0877057,9.0,169854,385774
tt0878804,7.7,258812,386212
tt0955308,6.7,234826,387542
tt0815236,6.4,114240,387903
tt0816442,7.6,116214,388297
tt0816692,8.6,1232095,388419
tt0816711,7.0,537784,388426
tt0817230,5.7,104643,388558
tt0822832,7.1,132629,390173
tt0822847,5.7,106267,390178
tt0822854,7.2,285639,390180
tt0824747,7.8,219220,390805
tt0825232,7.4,209038,390936
tt0829150,6.3,160835,392159
tt0829482,7.6,471870,392283
tt0830515,6.6,369424,392587
tt0831387,6.4,338475,392821
tt0832266,7.2,142831,393111
tt0834001,6.6,138987,393669
tt0959337,7.3,173193,394820
tt0960144,5.5,173595,395018
tt0907657,7.9,103315,395584
tt0910936,7.0,286096,396328
tt0910970,8.4,873394,396343
tt0914798,7.8,162790,397134
tt0918927,7.5,111258,397787
tt0918940,6.3,144268,397794
tt0926084,7.7,405984,399237
tt0934814,8.2,118275,401143
tt0936501,7.8,529223,401547
tt0938283,4.1,134306,401805
tt0963966,6.1,140609,402340
tt1045658,7.7,606064,402530
tt1046173,5.8,188772,402638
tt1049413,8.3,813070,403164
tt1054606,6.8,136620,404117
tt1055292,6.6,109924,404324
tt1055369,6.0,357226,404351
tt1057500,7.3,138210,404665
tt1058017,6.4,104477,404812
tt1059786,6.6,164316,405142
tt1060277,7.0,343694,405264
tt1065073,7.9,309294,405742
tt0884328,7.2,254352,407045
tt0887883,7.0,280020,407861
tt0887912,7.6,382321,407878
tt0889583,5.8,131914,408330
tt0890870,5.9,128052,408608
tt0892769,8.1,585619,409097
tt0892782,6.5,131893,409104
tt0892791,6.3,161225,409107
tt0898266,8.2,620014,410233
tt0898367,7.3,202272,410253
tt0903624,7.9,706063,411369
tt0903747,9.5,1135820,411399
tt0904208,8.3,160736,411501
tt0905372,6.2,108928,411703
tt1000774,5.6,108135,413569
tt1001508,6.4,146676,413728
tt1001526,7.3,201297,413732
tt1007028,6.6,162608,414596
tt1010048,8.0,728298,415048
tt1013743,6.3,166480,415514
tt1013752,6.6,235785,415517
tt1013753,7.6,152743,415518
tt1014759,6.5,349269,415725
tt1019452,7.0,118093,416810
tt1022603,7.7,430527,417405
tt1024648,7.7,522028,417769
tt1028528,7.0,237469,418449
tt1028532,8.1,213773,418453
tt1067583,6.9,104114,418927
tt1068680,6.8,303699,419146
tt1071875,4.3,100799,419696
tt1074638,7.8,580330,420256
tt1077258,7.1,184820,420809
tt1077368,6.2,224150,420836
tt1078912,6.0,154625,421077
tt1080016,7.0,195783,421228
tt1086772,6.5,103153,422218
tt1091191,7.5,240060,422973
tt1091722,6.8,144720,423090
tt1092026,7.0,215557,423196
tt1099212,5.2,383723,424619
tt1100089,7.0,123415,424748
tt0964517,7.8,309164,424939
tt0970179,7.5,278295,426086
tt0970416,5.5,152840,426124
tt0974015,6.5,295899,426869
tt0974661,6.4,163092,427029
tt0976051,7.6,213388,427279
tt0978762,8.1,146534,427996
tt0978764,6.1,214953,427998
tt0979432,8.6,155610,428186
tt0980970,6.3,124499,428469
tt0983193,7.3,198109,428962
tt0985694,6.6,179354,429502
tt0985699,7.1,208841,429504
tt0986263,6.3,161393,429629
tt0986264,8.4,132425,429630
tt0988045,7.6,536670,429890
tt0988595,6.1,140975,430068
tt0989757,6.3,124345,430305
tt0990407,5.8,146580,430470
tt0993842,6.8,174157,431111
tt0993846,8.2,989893,431113
tt1596343,7.3,322056,431651
tt1596350,6.3,164546,431655
tt1596363,7.8,292116,431660
tt1596365,6.4,162086,431661
tt1598778,6.6,197875,432049
tt1599348,6.8,187643,432140
tt1600196,7.1,128909,432256
tt1601913,6.8,224610,432586
tt1605630,6.7,188560,433159
tt1605783,7.7,347489,433198
tt1606375,8.7,136933,433329
tt1606378,5.3,184191,433331
tt1606389,6.8,169156,433337
tt1611224,5.9,140571,434020
tt1485796,7.7,168735,434435
tt1486185,5.5,100559,434503
tt1486217,8.7,119112,434512
tt1488555,6.3,151386,434882
tt1489889,6.3,128725,435051
tt1490017,7.8,291863,435078
tt1496025,6.4,135572,436007
tt1499658,6.9,391163,436584
tt1371111,7.5,320259,437596
tt1375666,8.8,1769424,438351
tt1375670,6.0,205101,438354
tt1276104,7.4,488153,440200
tt1277953,6.9,140339,440591
tt1279935,6.3,141628,441099
tt1282140,7.1,320728,441646
tt1284575,5.6,177420,442074
tt1285016,7.7,554839,442161
tt1174732,7.3,121464,442792
tt1179034,6.5,105590,443718
tt1179904,6.3,204488,443912
tt1179933,7.2,249761,443917
tt1136608,7.9,591745,444236
tt1139328,7.2,146025,444747
tt1139797,7.9,191720,444843
tt1142988,6.5,185291,445267
tt1148204,7.0,170672,446152
tt1152836,7.0,256143,446826
tt1155056,7.0,182493,447039
tt1155076,6.2,141952,447045
tt1156398,7.7,444421,447277
tt1170358,7.8,552511,449503
tt1172570,7.1,106476,450169
tt1182345,7.9,304062,450656
tt1187043,8.4,286180,451660
tt1188729,6.8,134717,451930
tt1104001,6.8,290400,452561
tt1111422,6.4,168900,454061
tt1119644,8.4,202310,455596
tt1119646,7.7,653023,455597
tt1120985,7.4,165608,455762
tt1121931,6.2,128275,455872
tt1124035,7.1,204899,456189
tt1124373,8.6,223718,456264
tt1125849,7.9,273678,456514
tt1127180,6.6,174110,456720
tt1129442,6.1,143674,457107
tt1130884,8.1,966885,457294
tt1131734,5.2,104081,457424
tt1132620,7.8,193787,457647
tt1132626,5.8,103918,457651
tt1133985,5.5,247231,457800
tt1189073,7.6,119944,458364
tt1189340,7.3,192479,458436
tt1190080,5.8,319849,458607
tt1192628,7.2,210035,459021
tt1193138,7.4,295854,459117
tt1194173,6.7,262743,459295
tt1196946,8.1,148330,459750
tt1197624,7.4,245385,459823
tt1201167,6.3,107694,460404
tt1201607,8.1,667130,460495
tt1204975,6.6,119274,461156
tt1205489,8.1,652755,461251
tt1205537,6.2,111873,461261
tt1243957,6.0,201570,462080
tt1245492,6.6,352292,462401
tt1245526,7.1,266228,462408
tt1250777,7.6,486882,463547
tt1253863,6.2,256073,464082
tt1253864,6.0,150526,464083
tt1255953,8.2,116922,464412
tt1259521,7.0,328055,465232
tt1259571,4.7,242925,465240
tt1262416,6.2,116384,465839
tt1266020,8.6,165293,466723
tt1267297,6.0,134521,467052
tt1270797,7.0,144464,467727
tt1270798,7.7,591820,467728
tt1272878,6.7,177764,467915
tt1288558,6.5,143482,468359
tt1289401,5.3,178864,468557
tt1291150,5.8,189295,468897
tt1291584,8.2,393517,469047
tt1298649,5.7,114032,470406
tt1298650,6.6,435063,470407
tt1300854,7.2,657292,470871
tt1210166,7.6,318490,471292
tt1210819,6.4,204447,471417
tt1211837,7.5,461692,471620
tt1211956,6.7,206235,471632
tt1212450,7.3,209749,471754
tt1213663,7.0,225242,471979
tt1216475,6.2,130638,472464
tt1217209,7.1,325116,472588
tt1217613,5.8,165068,472695
tt1219024,8.2,130440,472973
tt1219289,7.4,479030,473000
tt1219827,6.4,164916,473104
tt1220634,5.9,150038,473265
tt1220719,8.0,192616,473286
tt1226229,6.4,159178,474207
tt1228705,7.0,621985,474645
tt1228987,7.1,104795,474717
tt1229238,7.4,416408,474741
tt1229340,6.3,151538,474766
tt1231583,6.6,298242,475295
tt1231587,6.4,151368,475297
tt1232829,7.2,465979,475482
tt1234548,6.2,119567,475802
tt1234721,6.2,201889,475863
tt1235099,8.0,100936,475927
tt1242460,7.5,119212,477333
tt1302011,7.2,219060,477414
tt1385826,7.1,222876,478238
tt1386588,6.7,215610,478359
tt1386697,6.1,503971,478383
tt1386703,6.3,224202,478386
tt1389137,7.1,124243,478772
tt1390411,6.9,104873,478936
tt1392170,7.2,779541,479254
tt1392190,8.1,746995,479259
tt1392214,8.1,504798,479266
tt1335975,6.3,132314,479424
tt1340138,6.4,227293,480333
tt1340800,7.1,171136,480552
tt1343092,7.3,420268,480983
tt1343727,7.1,229937,481149
tt1345836,8.4,1343725,481592
tt1351685,6.3,120068,482818
tt1355630,6.8,103938,483524
tt1355644,7.0,291228,483531
tt1355683,6.9,151863,483542
tt1358522,8.3,107490,484069
tt1365519,6.4,139619,485315
tt1396484,7.4,321747,486240
tt1397280,6.3,267110,486385
tt1398426,7.9,160541,486512
tt1399103,6.3,358834,486627
tt1399683,7.2,124731,486777
tt1401152,6.9,230816,487040
tt1403865,7.6,275357,487498
tt1403981,7.1,126885,487524
tt1502712,4.3,136291,487854
tt1504320,8.0,577406,488153
tt1305806,8.2,166799,489582
tt1306980,7.7,295904,489921
tt1307068,6.7,100305,489957
tt1314655,6.2,119515,491605
tt1318514,7.6,463428,492250
tt1320253,6.5,301495,492636
tt1321870,6.7,192065,492921
tt1323594,7.7,449512,493276
tt1324999,4.9,202983,493515
tt1325004,5.0,206004,493518
tt1327773,7.2,100331,493991
tt1327801,6.7,123795,494001
tt1334260,7.2,127551,495315
tt1515091,7.5,384521,496511
tt1517260,5.9,103551,496915
tt1517451,8.2,107460,496929
tt1446192,7.3,141199,497125
tt1446714,7.0,527912,497201
tt1448755,6.5,115630,497526
tt1453405,7.3,281269,498182
tt1454029,8.1,381182,498276
tt1454468,7.7,684102,498326
tt1457767,7.5,378720,498854
tt1458175,7.4,163543,498893
tt1462758,7.0,135933,499700
tt1464540,6.1,213903,499964
tt1465522,7.6,150062,500129
tt1469304,5.6,122997,500813
tt1475582,9.2,670809,501890
tt1478338,6.8,244376,502294
tt1483013,7.0,441735,503025
tt1520211,8.4,761354,503803
tt1615065,6.5,113420,504374
tt1615147,7.1,104821,504393
tt1616195,6.6,113944,504602
tt1617661,5.3,162521,504816
tt1623205,6.3,189571,505634
tt1628841,5.2,150150,506544
tt1631867,7.9,527683,506999
tt1632701,8.6,313937,507200
tt1632708,6.6,309297,507205
tt1405406,7.7,255784,507383
tt1408101,7.7,439236,507743
tt1409024,6.8,299312,507893
tt1411238,6.2,192625,508251
tt1411250,6.4,141639,508257
tt1411697,6.5,422178,508311
tt1424381,6.4,194663,510370
tt1428538,6.1,179060,511045
tt1430132,6.7,388221,511277
tt1431045,8.0,778185,511411
tt1436562,6.9,186889,512267
tt1439629,8.5,169318,512756
tt1440129,5.8,222213,512824
tt1441395,6.3,108871,513048
tt1442437,8.4,300134,513271
tt1442449,8.5,199528,513274
tt1560747,7.1,126507,514295
tt1563738,7.0,124476,514804
tt1564367,6.4,195689,514898
tt1567432,7.7,112365,515375
tt1568338,6.6,135663,515523
tt1568346,7.8,378322,515529
tt1568911,7.2,133008,515608
tt1570728,7.4,427308,515846
tt1578873,7.5,138722,517193
tt1583421,5.8,163088,518112
tt1586680,8.7,159861,518623
tt1587310,7.0,295272,518774
tt1588173,6.9,205201,518958
tt1591095,6.8,245249,519566
tt1634122,6.3,104426,520077
tt1636826,6.7,174221,520532
tt1637688,6.7,339304,520691
tt1637725,6.9,526657,520709
tt1638355,7.3,232692,520827
tt1645170,6.4,244294,522062
tt1646971,7.8,261454,522380
tt1646987,5.7,168826,522393
tt1649419,7.6,171965,522811
tt1650062,7.0,315299,522970
tt1650554,6.6,232067,523054
tt1655441,7.2,132655,523826
tt1655442,7.9,213224,523827
tt1659337,8.0,412302,524295
tt1661199,6.9,135869,524526
tt1663202,8.0,585773,524764
tt1663662,6.9,434802,524865
tt1667889,6.6,169059,525721
tt1670345,7.3,537135,526086
tt1524137,6.5,109935,526997
tt1527186,7.1,148788,527549
tt1528100,6.0,147765,527720
tt1535108,6.6,385958,529036
tt1535109,7.8,377197,529037
tt1538403,5.9,119431,529629
tt1542344,7.6,315801,530399
tt1547234,6.5,103954,531321
tt1549920,6.4,124657,531740
tt2364582,7.5,177174,533056
tt2369135,6.5,152128,533693
tt2372162,8.1,247059,534055
tt2379713,6.8,342144,535132
tt2380307,8.4,238167,535225
tt2381111,7.5,112129,535321
tt2381249,7.4,298407,535349
tt2381941,6.6,185966,535452
tt2203939,6.0,119736,536677
tt2209418,7.9,118620,537272
tt2209764,6.3,200044,537342
tt2053463,7.1,165377,538906
tt1877832,8.0,600436,541767
tt1895587,8.1,344055,543852
tt1899353,7.6,171255,544101
tt1714206,7.1,129665,545828
tt1723121,7.0,362126,547743
tt1723811,7.2,167688,547840
tt1727388,7.4,130343,548422
tt1727824,8.4,133358,548543
tt1731141,6.6,206887,549192
tt1735898,6.1,254045,550031
tt1748122,7.8,283201,551996
tt1758429,8.5,111295,552256
tt1758830,6.2,116318,552334
tt1764234,6.2,122364,552906
tt1764651,6.6,272329,553043
tt1673434,5.5,209094,553678
tt1675434,8.5,644545,554094
tt1677720,7.6,244545,554439
tt1690953,7.4,333526,556231
tt1692486,7.2,109054,556494
tt1700841,6.2,152832,557984
tt1706593,7.1,225530,558770
tt1706620,7.1,227429,558784
tt1707386,7.6,278273,558957
tt1772341,7.7,323305,560167
tt1790809,6.6,212697,563032
tt1790864,6.8,375671,563045
tt1790885,7.4,244186,563051
tt1790886,6.1,116736,563052
tt1837492,8.1,195876,563885
tt1837642,7.9,105849,563926
tt1839578,8.4,149781,564186
tt1840309,6.7,390245,564254
tt1843230,7.8,195409,564759
tt1843866,7.8,624206,564846
tt1844624,8.1,241238,564957
tt1853728,8.4,1165508,566421
tt1855199,7.6,206882,566648
tt1855325,5.4,122455,566686
tt1856010,8.9,415610,566792
tt1856101,8.0,346412,566814
tt1860357,7.1,126971,567436
tt1862079,7.0,110282,567624
tt1872181,6.6,376128,569142
tt1872194,7.4,158810,569145
tt1904996,6.2,103030,569813
tt1905041,7.1,339456,569824
tt1907668,7.3,295604,570061
tt1911644,6.7,101417,570513
tt1915581,6.1,121303,570910
tt1922777,6.8,192120,571574
tt1924429,6.9,103191,571674
tt1924435,6.5,119615,571676
tt1931533,7.2,217575,572503
tt1796960,8.3,271463,573303
tt1798684,7.4,193182,573522
tt1798709,8.0,446495,573530
tt1800241,7.3,407900,573743
tt1809398,7.2,126483,575020
tt1815862,4.8,177746,576002
tt1817273,7.3,220527,576268
tt1821549,7.7,103279,576889
tt1821694,6.6,144847,576935
tt1823672,6.8,208257,577231
tt1825683,7.4,419279,577521
tt1826940,7.7,166276,577825
tt1832382,8.3,188262,578708
tt1935179,7.4,153432,579261
tt1935859,6.7,134590,579381
tt2080374,7.2,134435,580493
tt2004420,6.3,258503,582382
tt2005151,7.1,145704,582449
tt2015381,8.1,889612,583876
tt2023587,6.2,155438,584563
tt2024432,5.7,111482,584738
tt2024469,7.0,228866,584745
tt2024544,8.1,556712,584760
tt2034800,6.0,104632,585607
tt2042568,7.5,119441,586439
tt2084970,8.0,594287,587579
tt2085059,8.9,266170,587595
tt2094766,5.8,159370,589155
tt2226417,6.6,136002,590025
tt2229499,6.6,212317,590321
tt1937390,6.9,102438,590834
tt1939659,5.9,122547,590917
tt1951261,5.8,261929,592248
tt1951264,7.5,562098,592249
tt1951265,6.7,366465,592250
tt1951266,6.6,239354,592251
tt1959490,5.8,223523,593173
tt1959563,6.9,149878,593188
tt1964418,6.4,157905,593627
tt1972591,6.8,159149,594479
tt1979320,8.1,381087,595385
tt1980209,6.4,182744,595532
tt1980929,7.4,126105,595625
tt1981115,7.0,508739,595666
tt1981677,7.2,248347,595721
tt2234155,6.3,176441,597213
tt2239822,6.5,130372,597778
tt2243973,8.5,195766,598285
tt2245084,7.8,351735,598434
tt2170439,6.3,139633,601422
tt2177771,6.1,115138,602478
tt2179136,7.3,388767,602658
tt2180411,6.0,120290,602846
tt2184339,5.7,176826,603306
tt2191701,5.4,124915,604289
tt2193021,7.7,367309,604461
tt2194499,7.8,250141,604601
tt2388715,6.5,103934,606109
tt2395427,7.4,614568,607090
tt2397535,7.5,217368,607392
tt2404311,6.3,100395,608452
tt2404435,6.9,161253,608474
tt2404463,6.6,150159,608483
tt2406566,6.7,139251,608644
tt2096672,5.6,114867,609122
tt2096673,8.2,508095,609123
tt2101441,5.3,123189,609732
tt2103281,7.6,380671,609988
tt2106476,8.3,230075,610424
tt2109248,5.7,276710,610856
tt2119532,8.1,342761,612002
tt2120120,5.6,115774,612094
tt2126355,6.1,184538,613047
tt2140373,7.5,134958,614428
tt2140479,7.4,222007,614444
tt2310332,7.4,425211,615386
tt2316204,6.4,213658,615944
tt2316411,6.9,136377,615966
tt2321549,6.8,162581,616755
tt2322441,4.1,270863,616874
tt2333784,6.1,151573,618286
tt2334873,7.3,175342,618384
tt2334879,6.4,187113,618386
tt2338151,8.2,130461,618728
tt2345759,5.5,144364,619560
tt2356777,9.0,415709,620698
tt2357547,8.1,164607,620813
tt2361509,7.1,184511,621329
tt2431438,8.4,118579,622959
tt2442560,8.8,162018,623670
tt2446042,6.0,159812,623956
tt2446980,6.6,113857,624021
tt2467372,8.4,121576,625427
tt2488496,8.0,761105,626674
tt2250912,7.5,372378,627970
tt2265171,8.0,101454,629531
tt2267968,7.1,109014,629830
tt2267998,8.1,729514,629833
tt2277860,7.3,202704,630876
tt2278388,8.1,609451,630920
tt2278871,7.8,119485,630969
tt2283362,7.0,217544,631448
tt2293640,6.4,185505,632596
tt2294449,7.0,309761,632674
tt2294629,7.5,498589,632702
tt2302755,6.5,230042,633628
tt2305051,7.1,107270,633877
tt2306299,8.6,311207,633974
tt4154756,8.5,530839,634733
tt4158110,8.6,265992,634961
tt4160708,7.1,175286,635096
tt4178092,7.1,118402,636103
tt4196776,6.6,183367,637068
tt3748528,7.8,450975,637184
tt3749900,7.9,184066,637223
tt3774114,7.3,112117,638369
tt3778644,7.0,176322,638677
tt3783958,8.0,404949,638904
tt3799694,7.4,227404,639672
tt3450958,7.5,189077,641532
tt3460252,7.8,410782,642145
tt3464902,7.1,163390,642459
tt3470600,7.1,106697,642830
tt3107288,7.9,262046,643834
tt3110958,6.5,202581,644077
tt2741602,8.1,147446,646748
tt2632424,8.3,101129,648201
tt2637276,6.3,158615,648488
tt2660888,7.1,202387,650082
tt2661044,7.8,164701,650090
tt2674426,7.4,158818,651077
tt2692904,7.1,116185,651613
tt2704998,7.0,130814,652140
tt2707408,8.8,271256,652320
tt2709768,6.5,153435,652508
tt2713180,7.6,368970,652729
tt2719848,7.1,175656,653127
tt2771200,7.2,222052,654658
tt2527336,7.2,428889,656276
tt2543164,7.9,481386,656985
tt2554274,6.5,115550,657635
tt2557490,6.1,156626,657885
tt2560140,8.8,103415,658061
tt2561572,6.0,107237,658153
tt2562232,7.7,497737,658188
tt2582496,7.8,108783,659461
tt2582782,7.6,164077,659484
tt2582802,8.5,581879,659491
tt2582846,7.7,304098,659496
tt2788710,6.6,279920,662015
tt2798920,6.9,185039,662530
tt2802144,7.7,525316,662728
tt2802850,9.0,256036,662785
tt2820852,7.2,327109,663565
tt2975578,6.5,122391,665309
tt2975590,6.5,552946,665311
tt2980516,7.7,343924,665654
tt3011894,8.1,142746,667298
tt3032476,8.7,234858,668357
tt3040964,7.4,232441,668792
tt3062096,6.2,131643,669628
tt3065204,7.4,181952,669828
tt3076658,7.6,206920,670347
tt3079380,7.0,208530,670514
tt3152624,6.2,118699,671962
tt3170832,8.2,293632,672912
tt3183660,7.3,334675,673709
tt2848292,6.4,125711,674169
tt2861424,9.3,240201,674760
tt2872718,7.9,386171,675109
tt2872732,6.4,389832,675111
tt2873282,6.6,114338,675146
tt2883512,7.3,168530,675578
tt2884206,7.4,100836,675607
tt2908446,6.2,192846,676828
tt2911666,7.3,406513,677021
tt2948356,8.0,361555,679203
tt3488710,7.3,106369,682089
tt3315342,8.1,521631,682997
tt3316960,7.5,113049,683118
tt3322312,8.7,312774,683395
tt3322940,5.4,115408,683429
tt3371366,5.2,109335,686064
tt3385516,7.0,335874,686801
tt3393786,6.1,114594,687310
tt3397884,7.6,312646,687515
tt3402236,6.5,164697,687768
tt3416742,7.6,115127,688496
tt3498820,7.8,533652,688998
tt3501632,7.9,406847,689221
tt3521164,7.6,208389,690446
tt3235888,6.9,173033,694285
tt3263904,7.5,189030,696135
tt3300542,5.9,119674,698267
tt3640424,7.1,118175,700189
tt3659388,8.0,645889,701302
tt3682448,7.6,253062,702651
tt3731562,6.7,220386,705497
tt3741834,8.1,169423,705979
tt4263482,6.8,142013,709937
tt3532216,7.2,119803,710824
tt3553976,7.9,149314,711932
tt3569230,7.0,132248,712808
tt3606756,7.9,143004,715019
tt3631112,6.5,142535,716342
tt4034228,7.8,200747,717255
tt4046784,6.3,192647,717848
tt4052882,6.3,102093,718132
tt4052886,8.2,124762,718134
tt4116284,7.3,106648,721375
tt4283088,9.9,157274,723587
tt4283094,9.9,108038,723588
tt3890160,7.6,335098,730032
tt3896198,7.7,425053,730360
tt5519340,6.4,138700,741812
tt5109784,6.6,140900,744605
tt4550098,7.5,191735,749042
tt4555426,7.4,120086,749299
tt4574334,8.9,534884,750171
tt4630562,6.7,170177,752578
tt4649466,6.8,210779,753271
tt4425200,7.5,250263,756998
tt4776998,6.1,162981,764999
tt4972582,7.3,296675,766727
tt4975722,7.4,209620,766876
tt5013056,7.9,431142,768305
tt5027774,8.2,297408,768926
tt5052448,7.7,346679,770082
tt5074352,8.5,109434,771078
tt5095030,7.2,156709,772184
tt5164214,6.2,107168,772954
tt4846340,7.8,159883,776831
tt4881806,6.2,177331,778390
tt4912910,7.9,174117,779594
tt4925292,7.5,155528,780076
tt5580036,7.5,119401,782736
tt5580390,7.4,267030,782767
tt5362988,7.7,151711,784687
tt5442430,6.6,168087,786657
tt5463162,7.8,307579,787650
tt5290382,8.6,103298,797297
tt5311514,8.4,114515,798312
tt6468322,8.6,102624,810909
tt5675620,8.6,116898,813461
tt5726616,7.9,133378,815635
tt6644200,7.6,234265,829174
tt7784604,7.3,106893,842544
