StaringActorId,ActorAgeGapId,WriterId,GenreId,Success
12534,4,320633,1,1
12485,4,569908,1,1
12486,6,469253,10,1
12585,2,12585,3,1
404833,6,653189,11,1
12522,4,229531,1,1
12543,5,516590,1,1
11963,4,332126,11,1
12470,3,11983,7,1
35181,4,724930,11,1
12470,3,254375,1,1
509180,4,13160,14,1
522070,4,908843,1,1
12534,4,13558,14,1
12543,4,11898,7,1
12585,3,12585,3,1
12511,5,855638,14,1
12585,3,12585,3,1
144399,5,339059,11,1
12475,3,13044,1,1
902078,5,631308,11,1
12140,5,10245,14,1
12497,4,109659,1,1
75323,6,133208,10,1
336867,5,152245,14,1
12500,4,179116,3,1
235710,6,61737,10,1
12523,4,385400,3,1
364745,5,855638,1,1
13204,3,382354,10,1
12586,4,412554,15,0
11599,1,748298,1,1
12592,4,11744,15,1
12679,2,12579,15,0
12603,2,577862,14,1
11686,4,11685,10,1
12603,3,782275,14,1
12592,4,11904,1,0
12611,2,804725,15,1
12658,3,710045,3,1
12821,4,175940,17,1
13017,3,12804,10,1
12679,3,649675,15,0
12708,3,281835,3,0
12847,4,12781,11,1
12621,4,623605,1,1
12607,4,759846,10,0
13016,3,419382,17,1
12621,4,45769,3,0
13084,3,400588,15,1
12688,5,12696,14,1
12599,5,368393,1,1
12561,5,710611,3,1
12583,4,76092,3,0
615617,5,20845,3,1
12951,5,623997,15,1
12583,4,268800,3,1
12599,4,341425,17,1
12621,4,336248,1,1
12887,4,202934,3,0
12455,4,12692,18,1
12693,4,12693,1,0
13101,2,708449,15,1
13084,4,469587,18,1
12776,4,500746,15,0
71766,6,766991,3,1
12555,3,11641,3,1
12897,4,12014,15,1
12662,3,12694,14,1
13015,5,345648,3,1
13182,3,762592,17,1
13015,5,655747,15,1
12096,5,372989,15,0
12658,4,12564,15,1
13623,6,11664,3,0
12626,5,884536,3,1
345467,1,166612,10,1
11762,4,12503,10,1
404873,4,719673,18,1
12495,3,885134,10,1
11805,5,486637,1,1
12519,3,11883,17,1
12483,1,24587,16,1
13041,5,793702,18,1
12481,3,834526,10,1
12493,4,13519,3,1
12396,4,653189,10,0
12588,4,517489,15,1
13027,5,481060,10,1
12523,3,474673,14,1
12396,4,229531,1,1
13097,4,12503,3,1
12588,4,517489,15,1
13000,4,106129,10,1
12588,4,517489,15,1
12730,5,868698,3,1
12605,4,88205,16,1
12605,4,12070,16,1
12730,5,400736,17,1
12605,4,856933,16,1
12519,3,635591,14,1
12995,5,12503,14,1
12605,3,282046,15,1
13161,4,11698,12,1
12141,3,451234,14,1
12471,5,752241,14,1
12534,3,355307,8,1
12140,4,12504,10,1
511094,3,314718,10,1
12483,2,712114,14,1
12497,4,98230,10,1
12481,3,12503,1,1
13417,5,12468,1,1
12534,3,183778,8,1
12495,4,872201,10,1
12489,2,488268,10,1
161739,5,649749,11,1
12517,4,13160,3,1
12956,4,13160,3,1
12471,3,662596,14,1
12611,3,398236,15,1
12098,5,428205,15,0
764108,5,557781,10,1
12949,6,12590,18,1
12597,3,341344,14,1
12893,5,392913,3,0
12679,4,12579,15,1
12265,4,11906,3,1
12904,6,13046,10,1
12613,5,13172,10,1
13059,4,12879,1,1
12852,5,12918,3,1
12679,4,478439,15,0
12897,5,12647,15,1
262398,4,12285,18,1
12597,4,11651,1,1
12700,5,406896,19,0
13050,2,12581,18,1
12467,5,13064,3,1
12263,5,772308,15,1
12707,5,623984,18,1
13103,4,570180,1,1
12605,3,113281,17,1
12626,3,180059,1,1
11641,4,11641,3,1
12617,5,538904,15,0
12558,3,12558,3,1
12693,4,12693,1,0
11936,4,74418,3,1
12467,4,12564,10,1
12627,3,204093,17,1
12897,5,109665,15,1
625154,2,560737,18,0
12597,4,472898,17,1
12660,3,12638,1,1
12242,4,13046,10,1
12679,4,396024,10,0
13084,5,12581,15,0
12617,5,355453,15,1
12611,4,12014,15,1
12611,4,263170,2,1
12398,6,528450,12,1
144125,5,13063,18,1
12693,4,572961,15,1
12030,4,103231,17,1
12739,6,12692,10,1
12617,5,355453,15,0
12693,4,572961,15,0
12693,4,12693,1,0
12707,4,12579,15,1
13084,4,323569,15,1
13081,4,12649,1,1
12574,5,12918,3,1
12619,4,659166,1,1
12946,5,878067,15,0
12772,4,474461,10,1
12556,4,687529,1,1
12556,4,763993,1,1
12574,4,844172,10,1
13069,3,12571,14,1
12583,4,261072,3,0
12900,4,12696,14,1
12700,4,12696,14,1
12672,4,12638,1,1
12669,5,20887,15,0
13084,3,13574,15,0
12679,3,921034,15,0
11599,3,92255,18,1
13000,3,834526,17,1
12519,3,867193,3,1
12080,4,12779,3,1
12660,4,12405,1,1
12662,4,12801,14,1
11641,4,11641,10,1
126612,5,376098,18,1
13161,3,13161,3,1
602384,4,12503,10,1
12662,4,659874,17,1
12306,3,13473,10,1
12660,4,345101,1,1
12810,5,619248,3,1
13114,5,12638,18,1
11763,4,156886,1,1
12693,5,12693,1,1
12597,4,12311,14,1
12558,3,12558,3,1
12840,5,12692,1,1
12583,4,76092,10,0
12621,4,502149,10,1
12805,2,450133,3,0
12689,5,306663,15,0
12637,4,18625,15,0
12623,5,12963,1,1
11795,5,369242,3,0
12617,4,872269,17,1
12597,2,656215,14,1
13060,3,633385,3,0
12687,6,13665,3,0
12567,4,12279,15,0
12709,4,372611,15,1
12575,3,11824,15,0
13526,5,431921,14,1
12662,2,12983,14,1
12693,3,864110,15,0
12708,3,372611,10,0
796600,4,760624,15,1
12578,4,3759356,1,1
12597,3,732420,17,1
12613,5,13172,10,1
12589,4,93343,10,1
12709,4,863874,15,0
12599,5,12781,1,1
13127,4,710032,1,0
12662,3,662596,14,1
12597,3,656215,14,1
12809,7,12918,3,1
12588,2,13540,15,1
12679,3,728413,3,0
12784,4,11658,14,1
11605,3,12638,14,1
12881,3,820112,15,0
12615,3,481372,3,0
12693,3,12693,1,0
12679,3,11744,15,1
12565,4,885354,3,0
11982,4,29500,3,0
12410,4,11658,3,1
615750,4,898462,11,1
12884,5,17472,14,1
12597,3,506123,14,1
12626,2,61737,10,0
12589,4,12694,1,1
13127,4,18941,15,0
12589,4,227158,15,0
12612,5,345641,14,1
12679,3,12579,15,1
12678,3,442659,10,1
870622,6,593499,10,1
12707,3,623984,15,0
12603,3,12853,1,0
12937,3,18625,15,0
12589,4,12014,1,0
12661,4,780583,18,1
12592,5,779305,1,1
12809,6,12918,10,0
12821,4,188309,15,1
12617,4,104395,15,0
12635,2,12696,14,1
12662,2,38643,1,1
12605,1,644244,1,1
12659,5,12659,3,0
12604,4,521446,1,1
144125,4,13063,3,1
12597,3,12194,14,1
12662,2,823037,14,1
12693,3,509883,15,0
509596,5,12963,3,1
12693,3,24711,15,0
11751,5,20845,3,0
12617,4,72003,10,0
12614,2,12429,14,1
12556,4,630901,1,1
13032,5,615406,3,0
339642,5,16753,1,1
11868,5,448262,1,0
12706,3,55585,14,1
12591,4,112133,17,1
11858,4,160272,14,1
11795,4,270131,3,0
12599,4,683474,8,0
12575,3,662276,15,0
12751,5,244557,14,1
12816,3,247495,15,1
12101,5,490611,15,1
12684,5,12694,1,1
13159,6,12638,10,1
12197,7,557781,10,1
12592,5,145597,15,0
13127,4,85495,1,0
12751,6,12383,1,1
144125,5,13063,3,1
13009,5,12503,1,1
12708,4,512852,17,1
12617,4,11552,15,1
13037,5,279288,3,1
12651,3,12918,3,1
12679,4,820112,15,1
12607,5,11883,10,1
12578,5,11657,3,1
13156,4,586637,15,1
12679,4,12638,15,0
12779,1,12779,10,0
12589,4,284041,14,1
12684,5,24854,14,1
390451,5,905293,15,1
12748,5,548886,3,1
12621,4,14188,3,1
13015,5,13015,3,0
12709,4,828000,15,1
12555,3,12555,3,1
13021,1,907318,3,1
618591,2,815174,1,1
12626,2,593898,1,1
12693,3,572961,15,0
810087,1,557781,11,1
12679,3,212373,3,0
11968,3,893937,10,1
140095,4,132909,11,1
12901,4,12579,10,1
12613,5,292990,10,1
12937,4,18625,15,1
12708,4,752372,3,1
12658,4,12564,15,0
12574,5,400588,17,1
12152,4,13871,10,0
12611,3,104395,15,1
12617,4,104395,15,0
77557,5,593499,11,1
12794,3,12918,3,1
12808,3,11792,3,1
386876,4,110945,3,1
13095,4,484674,3,1
12096,4,18567,14,1
12659,4,12659,15,0
12706,3,195787,14,0
12005,5,159933,15,0
12662,2,13948,1,0
12594,4,384318,3,1
17169,6,13099,3,1
199848,5,80563,1,1
12887,4,202934,3,0
12583,4,26742,17,1
12659,4,789741,10,1
12817,5,489731,14,1
17439,6,44681,3,1
12621,3,515328,3,0
513420,6,538239,15,1
12602,5,268790,3,0
18829,5,839853,14,1
12669,4,865595,15,1
12705,5,98230,15,0
105847,6,859206,18,0
12737,5,882531,18,0
12817,5,377631,14,1
12578,4,12429,8,0
569998,5,890711,18,0
17085,5,20528,15,0
879060,3,174971,11,1
497248,5,348091,11,1
12583,4,268800,3,0
268626,5,175179,14,0
17169,5,11942,15,0
12792,3,570337,15,0
339023,5,34007,15,1
234636,5,591195,18,0
12578,4,340267,15,0
12617,3,708419,15,0
13111,4,893199,15,0
12621,4,17161,10,1
12709,4,20636,8,1
12691,4,20390,14,1
12589,4,669759,15,0
12583,4,390847,3,0
12609,4,622135,1,1
12976,3,11657,14,1
12635,2,470248,15,1
11795,5,369242,3,0
12656,4,596166,11,0
12689,5,13574,15,0
12592,4,11685,3,1
13060,3,12649,8,1
12660,2,101782,3,0
12825,2,11698,3,0
12592,4,305010,15,0
12615,3,228418,14,1
12617,4,374134,15,0
12588,1,885841,15,1
12601,5,13099,1,0
12580,5,882531,18,0
12597,2,148173,14,1
20274,4,1260343,10,0
12376,2,708449,15,1
12653,5,11904,14,1
12654,5,880001,1,1
12629,4,12804,15,0
11868,6,890799,15,1
12611,2,523566,15,0
12707,3,623984,15,0
12675,4,308943,10,0
12659,4,12659,10,0
12679,3,18625,15,0
489152,4,896715,1,1
12776,3,11657,3,1
12705,5,13222,1,1
13367,3,155611,3,1
12718,5,20845,3,1
12578,4,20526,15,0
12612,4,366374,1,1
12326,4,12243,8,1
12669,4,18283,1,1
12662,2,647713,17,1
12864,4,253405,18,0
12700,3,105833,15,1
12709,3,12571,15,1
12603,2,106604,1,1
12623,5,613719,1,1
12708,3,12817,1,1
16920,4,166564,10,1
11953,6,243693,18,0
12890,3,12696,14,1
12691,4,241499,14,1
12583,4,346195,3,0
12619,3,12804,15,0
12556,4,626234,1,0
12632,2,182008,10,1
528923,5,557781,10,1
12673,5,71144,3,0
12660,2,37414,3,1
12580,5,882531,18,0
12556,4,348045,10,0
12586,4,697348,15,0
13143,5,586637,15,0
12601,5,12579,1,1
12575,3,256211,15,0
12621,3,17161,10,1
12583,4,613719,3,1
11795,4,369242,3,0
12174,5,559455,14,1
12558,1,30273,10,0
12709,3,372611,15,0
12594,4,428806,3,1
13111,4,318729,15,0
12872,4,783251,15,0
12691,4,17161,10,0
12617,3,503791,10,0
12578,4,13157,1,0
12843,1,710032,15,0
12718,5,20845,10,1
12567,4,12804,15,0
12689,5,530869,15,1
12592,4,12503,1,1
333893,4,18567,15,0
12599,4,831180,10,1
12599,4,577316,18,0
12574,4,13574,15,0
12621,3,12638,14,1
13609,4,17399,3,1
13167,6,832051,10,1
12601,5,243104,15,0
12567,4,184769,15,0
12592,4,305010,15,0
12444,4,737834,10,1
12631,3,216144,15,1
493885,6,466652,10,0
12617,3,878558,15,0
12101,5,14188,3,1
12637,4,476015,10,0
12633,5,44405,15,0
12792,3,475809,15,0
12621,3,708419,1,1
11886,4,596166,10,1
11633,5,405166,1,1
11795,4,369242,3,0
12689,4,820112,15,0
12376,2,223766,15,1
12632,2,182008,15,0
12654,5,12647,15,0
17486,4,892254,10,1
12599,3,12781,11,1
160925,5,12647,15,0
160925,5,12647,15,1
17331,5,17331,11,1
12617,3,11552,15,0
12597,2,908048,15,1
12597,2,509705,3,0
16792,5,360679,3,0
12601,5,386279,10,0
12565,3,831119,15,0
12613,4,887231,10,0
322768,6,115311,3,1
873249,4,12649,1,1
13042,2,815231,15,0
13167,5,832051,15,1
13167,5,832051,10,1
12709,3,751620,1,1
12691,4,56816,1,1
12583,4,304004,3,0
12689,4,306663,15,0
12676,5,506581,17,1
12591,4,270338,15,1
272461,5,859557,3,0
12592,4,13222,1,1
12709,3,424149,3,0
12797,3,229526,15,1
12586,4,391142,10,1
16839,5,82841,3,1
12673,4,332313,17,1
12305,5,582145,18,0
12378,4,738296,3,0
12808,2,221813,10,1
17494,3,166391,14,1
12636,4,511525,1,1
497087,4,404447,3,1
17331,5,17331,11,1
12842,6,267312,1,0
12642,4,281179,10,0
12602,5,715702,15,0
12611,2,170311,1,0
12621,3,113165,10,1
12577,3,167158,3,1
12599,4,398883,13,1
13017,2,12804,15,0
646105,4,676287,1,1
456074,6,13270,1,1
897735,5,582145,18,0
410842,4,16753,1,1
13604,4,13604,3,0
420558,5,12558,1,1
118025,4,766203,15,1
12631,2,1854619,15,0
65008,3,2791250,15,1
669648,6,441776,10,1
456895,5,699375,15,0
12665,4,113165,1,0
351402,5,113165,17,0
13604,4,1737654,3,1
12707,2,751620,1,0
12578,4,457949,15,0
11687,4,38502,3,0
12592,3,74911,14,1
12583,3,49380,3,0
666394,4,402911,15,0
17162,4,623984,15,0
296927,4,15350,10,0
12838,3,1473514,15,1
12817,4,511163,15,1
17331,4,17331,15,0
12751,4,18625,15,1
12872,4,886223,15,0
160655,3,160655,15,1
12838,4,356397,15,1
179437,6,913824,13,0
669648,6,327191,10,1
12633,5,44405,15,0
12654,4,1364348,10,1
13061,3,12849,15,0
13604,4,1372695,3,0
95009,5,1368791,15,0
12758,5,341256,15,0
876019,5,831119,15,0
12593,3,708704,3,0
16791,5,376098,18,0
12662,1,753881,1,0
740268,3,2103044,10,1
11795,4,441220,3,0
576621,6,400059,1,1
12669,4,865595,15,0
12599,4,672948,17,1
12691,3,398424,1,0
12597,2,795519,14,0
12636,4,34193,18,1
16911,4,500149,15,0
12751,5,900578,15,1
12586,4,417061,14,1
12657,3,191171,1,1
12617,3,323871,3,0
17494,4,17399,3,1
12206,4,618669,8,1
12872,4,783251,15,0
12706,3,395786,17,1
813527,5,464463,3,1
12378,4,299556,3,0
12576,4,480938,15,0
17296,6,104805,3,1
17322,6,13198,10,0
12627,1,345641,14,0
12718,5,872269,15,0
17263,5,652257,10,0
12642,5,12732,1,1
12679,2,877737,15,0
12601,5,178315,14,1
12709,3,751620,1,1
12763,4,352438,1,1
669648,6,715921,10,1
17147,5,788044,3,0
12669,4,865595,15,0
12713,4,255381,3,0
12700,3,902228,15,0
160270,6,557781,10,1
854055,4,191172,10,1
11633,4,243104,15,1
12575,3,11824,15,0
351402,5,431505,1,1
12730,1,129541,3,0
452954,4,18451,3,1
12601,5,588005,17,1
11930,5,114230,1,1
359671,6,864015,3,0
12708,2,702016,1,0
12895,1,44681,3,1
290965,6,798623,10,1
11587,2,18512,10,1
12698,4,12696,15,1
12792,3,475809,15,0
13065,1,71633,15,0
12578,4,633545,3,1
12063,3,4782313,10,1
12206,4,883370,15,0
12591,4,323819,17,1
12691,3,105715,1,1
11795,4,13222,3,1
12563,3,662276,15,0
13121,2,1445332,1,1
160270,6,734038,10,0
12887,3,384318,3,0
12636,4,13418,14,1
13039,3,417470,1,1
416932,5,783251,15,0
12617,3,1251424,15,0
13125,4,178151,15,1
107391,5,950301,3,1
12567,3,12279,15,0
12617,3,751620,1,0
42142,4,731435,15,0
12718,4,417634,15,0
595622,5,285073,1,1
68375,6,340863,1,1
13165,5,102631,3,0
17263,5,115494,10,0
12604,3,389492,3,0
17065,5,26641,3,0
12706,3,419962,14,0
16792,5,360679,3,0
16815,5,362678,17,1
12653,4,152828,15,0
99526,4,1888739,3,0
12621,3,169663,14,1
12631,2,351097,15,0
272461,5,859557,3,0
12660,1,1292361,3,0
12612,4,447720,14,0
18829,5,24619,15,1
12578,3,417634,15,0
850964,4,850964,3,0
12592,4,34193,13,0
566278,5,20845,3,0
17348,4,725082,18,0
12627,1,345641,14,0
17147,5,335049,1,1
12378,4,299556,3,0
12376,1,649675,15,1
12005,5,1393767,15,0
12592,3,493671,15,1
12578,4,1377654,3,1
12599,4,894413,15,1
13039,3,11942,14,1
12709,2,103948,10,0
271810,6,749390,11,1
12706,3,673982,15,1
16792,5,360679,3,0
12660,1,230290,3,0
12569,5,311432,15,0
272461,5,535878,3,0
879148,4,758720,14,1
12689,4,4782313,10,0
12174,4,1299250,1,1
13134,3,254894,3,0
12599,3,455590,17,1
170044,5,335049,18,0
12594,4,187967,8,1
12591,4,1314939,15,1
12588,1,577316,15,0
725810,1,111109,10,1
12887,3,202934,3,1
12709,3,473782,15,0
12583,3,460119,3,0
13039,3,38787,14,1
12101,5,490611,15,1
17598,4,17161,11,0
1365320,6,505122,14,1
17302,2,72554,15,1
13124,1,427425,15,0
12592,3,470242,15,0
12850,2,12590,15,0
669648,6,441776,10,1
17085,4,372611,15,0
12291,1,489457,1,1
99526,4,887673,3,0
12556,3,391142,1,0
107391,5,107391,3,1
1568448,5,367425,3,0
309746,4,663584,3,1
12795,4,337900,14,1
187404,4,1321059,14,1
12667,5,530043,1,1
12376,1,1487692,15,0
493885,6,1702359,3,0
12698,4,12696,15,1
13361,4,609791,14,1
12662,1,825277,15,0
118025,4,12312,1,1
12792,2,588005,15,0
17494,4,12571,15,0
12659,4,12659,15,0
669648,6,715921,10,1
16911,4,896351,15,0
16911,4,890711,15,0
873249,4,461911,18,0
12659,3,789741,10,0
16933,5,763031,1,0
12713,4,179770,3,0
12076,4,1293433,15,1
122810,5,1484233,3,1
17597,4,1401951,3,0
266616,4,890799,10,1
669648,6,441776,10,1
12913,4,11850,17,1
266616,4,890799,15,1
12442,4,868780,1,0
187404,4,662276,15,1
12817,4,461911,15,0
1486922,5,80127,3,0
12556,3,1487692,15,0
13604,4,13604,3,0
12654,4,555733,10,0
12222,4,145599,17,1
13111,3,318729,15,0
12378,3,172515,10,1
12669,3,1558349,15,0
873249,4,868780,15,0
12556,3,12696,10,1
12751,5,460829,1,1
272461,5,535878,3,0
12621,3,313065,3,1
12658,2,44681,15,1
18939,1,257303,17,1
12235,5,12285,15,1
800198,3,635442,10,0
12599,3,12638,1,0
159118,3,1770218,15,1
12378,4,1285178,3,0
11923,2,84024,15,1
12586,3,295406,1,0
653264,4,653264,3,1
13016,1,92701,14,0
13167,5,18760,10,0
164711,4,1549719,10,0
16815,4,1915521,1,0
13329,4,401173,3,1
12599,3,11698,10,0
12611,1,447720,15,0
12623,4,12963,1,1
17577,4,17576,3,0
12591,3,883090,15,1
12621,3,323819,8,0
12669,3,241499,15,0
1231315,5,241517,8,0
12556,3,722787,1,1
885211,4,599655,14,0
615617,4,20845,3,1
148692,3,48832,15,0
653264,4,892396,15,1
11930,5,1587793,14,1
12700,2,210531,3,0
11777,4,693502,3,1
12658,2,11672,1,1
11633,4,276793,1,0
12378,4,91516,3,0
16987,4,323871,3,0
12660,1,563261,3,0
12709,2,88263,15,0
12583,3,428806,1,1
12621,3,829668,10,0
410842,4,783251,15,0
467556,3,517084,14,1
12601,5,493671,17,1
12583,3,327674,10,0
12709,3,187674,15,0
12697,5,409938,17,1
12378,4,353386,3,0
11795,4,1454276,3,0
12689,4,858147,15,0
268626,5,12694,15,0
64609,1,557781,10,1
719498,5,6543,15,0
618012,4,270338,15,0
12586,3,1260024,14,0
16974,4,12894,17,1
12278,4,120381,10,0
12591,3,379411,17,1
497248,4,918044,11,1
496921,6,1498920,1,1
920522,5,799964,1,1
12700,2,1702894,10,0
11795,4,707033,3,0
576621,5,1702894,10,1
1414769,6,794208,10,0
12161,3,864110,1,1
420558,5,1229343,15,0
12578,3,613719,14,1
2121727,4,18512,15,0
13083,2,570942,14,1
12758,4,527517,15,0
12697,5,24249,15,0
12077,3,104436,1,0
594860,2,20922,1,1
17512,5,337900,1,1
148692,3,49380,3,0
12592,3,291134,10,0
12183,2,473198,15,1
12601,4,1368791,14,1
12599,3,493671,1,1
42142,4,1256041,1,1
12612,3,1755891,8,0
329972,3,355861,15,1
187404,3,622618,15,0
12669,3,1598730,1,0
12622,4,147618,3,1
285727,4,16374,10,1
13042,2,815231,15,0
464829,3,2438042,1,1
148692,3,612891,3,0
12659,3,677798,10,0
12101,4,13063,15,0
13016,2,141674,15,0
12705,4,244090,15,0
268626,5,12983,15,0
706991,4,12714,3,0
16974,4,2099760,15,0
17512,4,459674,1,0
12633,4,44405,15,0
12586,3,44681,10,1
17567,4,1358770,18,0
410842,3,312218,15,0
12623,4,1468403,15,0
867475,3,865595,15,1
506250,5,536292,10,0
4043017,5,2356558,1,0
12578,3,323569,15,0
12621,2,17161,10,1
2189152,5,64901,10,1
17416,3,308722,10,0
12751,4,106604,15,0
12817,4,24619,15,1
99526,4,15950,15,1
897841,3,288753,15,0
12821,2,1256041,17,1
13061,2,1775181,15,0
65124,4,65124,3,1
12174,4,1327158,1,1
16778,5,12849,15,0
12556,3,234304,17,1
351402,5,850257,14,1
16988,3,1455930,10,1
12599,3,244474,15,1
569998,4,13275,18,0
555338,4,364433,15,1
509899,5,188029,3,0
13167,5,579404,14,1
920522,5,1293433,15,1
12636,4,886453,10,0
12689,4,1534376,3,0
148692,3,208294,3,1
12609,3,125229,1,1
176375,5,244000,3,1
12607,3,1358770,18,1
17597,4,404447,10,0
17494,4,12571,15,0
351402,5,670884,1,1
11930,5,606619,18,0
13095,2,13095,10,0
11795,4,460119,3,0
11868,5,811781,18,0
12631,2,748730,17,1
12795,4,632388,17,1
891238,5,13482,14,1
17598,4,261913,3,0
596293,5,355155,18,0
706991,3,892396,15,1
12693,2,12693,1,0
17494,4,18863,15,0
12378,3,934810,10,0
2200822,6,255571,14,1
12689,4,670836,1,0
17598,3,931143,3,0
12583,3,2134369,14,0
12578,3,734038,15,0
164711,4,1549719,10,0
13084,2,12279,15,1
12693,1,578182,15,0
140095,3,11589,10,1
1621441,5,29983,14,0
688641,4,409789,1,0
99616,5,582023,15,0
707442,3,1235914,1,1
12578,3,877739,15,0
621851,4,902228,15,0
12586,3,24619,14,1
618012,3,208927,15,0
12705,4,2839618,15,0
654240,6,2059867,3,1
12751,4,618724,15,1
12821,3,13222,1,1
2592937,5,285073,1,1
13015,3,188029,15,0
13167,5,931232,15,0
817103,4,12617,15,1
17494,3,880425,15,0
205815,5,548958,3,1
351402,5,911154,15,0
12591,3,2099760,14,0
11586,3,11658,3,0
17351,3,141674,15,0
905689,5,2565656,1,1
12706,2,88263,15,0
12378,3,303243,10,0
12632,1,11658,14,1
802503,5,790420,14,0
12556,3,12980,1,0
691617,5,49380,3,0
12751,4,618724,1,1
17490,4,1251618,18,0
13604,4,1942836,3,0
155592,5,52725,15,1
12578,3,632452,15,0
595622,4,285073,10,1
12689,4,1542786,15,0
12567,2,1312756,15,0
2080072,6,123307,15,0
148692,3,1716282,3,1
12599,3,244474,15,0
12556,3,38787,1,1
12709,2,880425,15,0
12601,4,471877,10,1
369741,5,722783,18,0
12594,3,314355,1,0
12583,3,644870,10,0
2919496,4,365730,15,1
1319072,5,1633800,14,1
12561,4,1449416,3,0
17494,3,44405,15,0
12614,1,12718,14,1
42142,3,710032,1,0
12563,2,12563,3,0
12706,2,1484336,15,0
486977,3,12590,18,0
12706,2,2014538,14,1
4029040,6,1808608,10,1
12689,4,172515,17,1
16826,6,2006830,3,0
669260,4,747473,15,1
569998,4,460829,18,0
527448,5,582391,17,1
12636,3,74911,10,0
12706,2,880425,15,0
1584793,6,815231,1,1
13164,4,563261,3,0
267611,5,1497337,15,0
18720,5,116049,3,0
13083,1,570942,14,0
410842,3,1299250,15,0
223907,5,361113,3,1
1295419,4,597811,3,1
634163,5,3414702,1,1
11456,4,436748,11,0
12071,4,230474,1,1
333893,4,635020,15,0
1394671,5,918059,10,1
456895,5,468108,14,0
13204,2,183589,10,0
1644315,5,504649,3,1
12627,1,13948,14,0
160925,5,318729,15,0
68655,1,1646282,18,0
12005,4,118460,15,0
265906,4,1326219,3,1
12586,3,489731,14,0
341046,5,12558,1,0
876782,3,2187075,1,1
1753222,5,29356,15,0
898888,4,12579,15,1
118025,4,17399,15,1
12586,3,641992,3,1
12602,4,1553743,3,0
118025,4,18863,15,0
187404,4,289820,15,0
12706,2,1863964,15,0
12561,3,828002,15,0
861282,4,60791,18,1
12576,3,1288268,3,0
12378,3,821039,15,0
12005,4,900578,15,0
3486169,5,1299250,15,1
351402,4,1755949,8,1
12667,5,2198011,1,1
12817,4,11942,15,0
2058216,5,850257,15,0
12705,4,751620,8,0
12872,4,324948,15,0
12707,2,47514,22,1
13121,2,421191,3,0
1665481,5,622618,15,1
68452,5,753194,3,0
12174,4,649675,15,0
898888,4,2113319,15,0
1350305,5,960189,15,0
1554048,4,471877,15,0
1648525,6,1517266,3,0
350598,4,2071605,1,1
340945,4,2463989,14,1
324317,4,35413,14,1
715313,4,166564,10,0
268626,4,1848661,3,1
12589,2,267572,14,1
456074,5,550093,1,1
12653,3,1228403,17,1
12592,3,1802564,15,0
17387,4,24249,15,0
324317,5,1444727,3,1
12621,2,447720,8,0
1663698,4,2349588,17,0
782116,3,20428,1,1
55695,4,18761,15,0
351402,5,1114934,3,0
359671,5,13039,10,1
12601,4,1368791,15,0
11795,3,263159,3,0
351402,5,1299250,1,0
12706,2,13406,17,1
873249,4,1328584,14,1
158251,5,318729,15,0
165315,3,293870,1,1
495357,6,815821,10,0
12689,4,1619053,1,1
12816,2,13418,1,0
11795,3,79051,11,0
17598,4,44681,10,0
13604,3,13604,3,0
12718,4,187557,14,1
13368,2,159223,3,0
12197,5,56816,1,1
272461,4,503794,15,0
12838,3,890799,15,1
11553,4,557781,10,1
1628475,5,2079468,11,1
2504289,5,349353,17,1
12591,3,11942,15,0
70506,5,2001359,3,0
4383854,6,2363947,1,1
12653,3,618724,10,1
12556,3,2099760,15,0
12673,3,290649,3,0
17598,4,280697,3,0
94480,4,2373063,15,0
12705,4,483607,15,0
12005,4,780406,17,1
12660,1,912758,10,1
1941837,4,2049734,15,0
155592,6,1818099,3,1
187404,4,337900,15,0
1296363,5,1582256,15,0
17387,4,114541,3,0
571203,4,527517,15,0
12601,4,1427316,1,1
11795,3,11795,3,0
350103,4,141851,1,1
691617,5,691617,15,0
120490,2,18512,10,1
2676423,6,2521634,1,1
13121,2,759572,1,1
20138,4,3076026,15,0
669648,5,715921,10,1
1329717,5,1907430,15,1
13016,2,12571,15,1
3194682,6,751620,15,0
12578,3,444337,15,0
188089,4,724048,3,1
13061,2,74911,15,0
13262,1,221813,10,1
12230,1,12879,10,0
11941,4,222606,3,0
456895,5,461911,15,0
12614,1,632808,17,1
313041,3,313041,3,0
456895,5,1853083,15,0
1235441,5,1374598,15,0
1468137,6,12963,1,1
17085,4,11708,18,0
12556,3,11658,3,0
688641,4,1803111,1,1
65124,4,65124,3,0
68655,1,1854542,18,0
70506,5,212373,15,1
13165,4,273691,15,0
12659,3,789741,10,0
285824,4,504418,3,1
12161,2,538491,10,1
296927,3,868780,10,1
185812,2,321982,14,1
12604,3,1295997,3,1
897735,5,2203639,18,0
13035,3,439429,3,0
322654,4,434219,3,0
13604,3,741131,15,1
691617,5,20845,3,0
2413216,6,75202,1,1
12592,3,610129,15,0
16911,3,582023,15,0
13039,3,99471,17,1
2092308,5,898462,10,0
805086,3,11658,3,0
223910,5,2414355,3,1
12718,4,19211,17,1
13084,2,12696,15,0
12615,2,2202367,1,1
1660523,5,459674,1,0
12583,3,780846,3,0
12578,3,937793,15,0
187404,3,662276,15,1
12998,4,12279,15,0
12599,3,322906,3,0
12378,3,303243,10,0
17416,2,14880,15,0
11795,3,542963,3,0
12705,3,13378,15,1
257728,5,584934,3,0
653264,3,653264,10,0
797792,6,713656,1,0
148692,2,290402,17,0
12705,4,763031,17,1
2676423,6,493671,10,1
12669,3,720493,1,0
12718,3,19211,15,0
1549370,5,266244,3,0
13164,4,13907,1,1
11661,4,244055,11,1
113022,5,766203,15,0
12577,2,2601944,14,1
1753222,5,1497337,10,0
68375,5,369150,15,1
12407,1,12279,15,0
12592,3,20390,1,0
12709,2,256063,15,0
2623875,6,1427272,1,1
12838,3,3406264,15,1
11941,5,116049,3,0
1621441,5,2073088,1,0
691617,5,691617,15,0
1663711,6,2640279,15,0
12601,4,1011731,17,1
16911,3,582023,15,1
13165,4,12714,15,0
12751,3,1114934,17,1
669648,5,359849,1,0
12817,3,2108276,1,0
12706,2,1765066,15,0
358028,4,1395462,14,0
13016,2,141674,15,0
16792,4,1549719,3,0
17598,3,12558,3,1
109523,3,263426,1,1
12709,2,902228,15,0
1231315,4,434219,1,0
867067,5,322906,15,0
410842,3,86187,17,1
1279830,5,416832,13,0
78631,3,922604,15,1
13329,3,515008,3,0
416932,3,66422,15,0
666394,4,503794,15,1
12758,4,894981,15,0
13329,3,20096,3,0
12621,2,3243072,15,1
12601,4,618669,15,1
11795,3,11795,3,0
327791,4,413689,15,1
12378,3,202308,10,0
148692,3,437218,3,0
1459628,5,1567594,3,0
12602,4,2080324,3,0
257728,5,779305,17,1
1782241,5,2906048,1,1
12700,2,362706,15,0
2298010,5,2380514,18,0
12885,1,1262456,1,0
1793444,4,92897,2,1
12654,4,345514,1,0
2958266,6,479646,1,1
11941,4,2934015,3,0
268261,4,416832,18,0
12751,4,77073,17,0
706991,4,353386,3,0
12792,2,599378,15,0
257728,5,1050679,10,1
17248,1,868780,10,1
358028,4,615282,15,0
17413,3,1662886,1,1
445837,3,359459,3,1
13061,2,561103,15,0
12776,1,443584,15,0
12706,2,11942,15,0
1558000,5,1466631,1,1
285961,4,515008,3,1
324317,5,157273,1,1
17494,3,18863,15,0
309746,3,12586,1,0
384849,5,1355618,14,1
13083,2,1703187,1,1
493908,5,13063,18,0
17494,3,12571,15,0
12601,4,427861,8,1
1286394,5,2059867,3,0
623520,3,1244308,14,1
644503,3,1854542,18,0
17387,4,85949,15,0
12567,2,426267,1,1
12653,3,702121,14,1
12594,3,12849,15,0
12599,3,493671,10,0
12586,3,1343610,1,1
688641,3,24619,15,0
60374,4,364433,14,1
118025,4,900578,14,1
11795,3,49380,3,0
669648,5,441776,10,1
12597,1,1702894,3,0
12605,1,1017866,1,1
1665481,4,3076026,15,0
12599,3,20922,15,0
270910,4,691617,3,0
12709,2,386567,15,0
1296363,6,918059,15,1
785932,4,766203,15,0
158251,5,638125,15,0
1561707,4,890799,3,0
797792,6,713656,10,0
12580,4,882531,18,0
659025,4,208294,3,1
416932,3,2939864,15,0
358028,3,650150,15,0
527448,4,960189,15,1
12706,2,1561825,15,0
3738011,5,1923772,13,0
538637,3,1884037,15,0
1286394,5,49624,15,0
358028,4,619752,1,1
12378,3,2974478,15,0
12599,3,244474,15,0
12838,3,1670005,15,0
12556,3,13406,17,1
12599,3,1427316,15,0
1393517,4,3100672,15,1
12693,1,2084376,15,0
358028,4,143268,14,1
653264,3,653264,15,0
17598,3,17161,10,0
506139,4,163416,10,0
11777,3,73618,15,0
266616,4,624090,3,1
188089,4,210531,8,1
420558,4,760624,15,0
12633,4,44405,15,0
889426,3,2786169,15,1
1832376,5,780846,10,0
12838,3,821039,15,0
2310390,6,479646,1,0
12592,3,305010,15,1
13604,3,13604,3,0
12838,3,174832,10,0
12594,3,371231,3,0
1832376,5,52725,15,0
12654,4,718151,3,0
1356604,4,558726,15,0
13082,3,1507259,14,1
800198,2,684951,1,1
99526,3,15950,15,0
12817,3,1260024,4,0
13604,3,559048,15,0
12689,3,55585,15,0
268626,4,900578,15,0
12817,3,116049,3,0
1350305,4,471877,15,0
2163950,5,14188,10,0
358028,4,18760,15,1
410842,3,3324558,14,1
12669,3,582023,15,0
12679,1,427861,15,0
12661,2,2193613,1,0
12601,4,511525,1,1
851823,4,864110,15,0
12751,4,618724,15,1
375205,5,483588,10,0
1761935,6,193890,1,0
2163950,5,3100672,1,0
12599,2,3244347,17,0
88291,4,3102664,3,1
2592937,5,3917688,15,0
774223,5,1443675,18,1
13016,2,12571,15,0
6114219,5,6217490,17,1
456895,5,461911,15,0
2163950,6,336950,1,0
13016,2,117808,15,0
12776,1,11658,10,1
1660523,5,3338247,1,0
2008256,5,2914416,15,0
12610,3,753626,17,1
203562,2,3129250,1,1
327791,5,1727728,3,1
148692,3,1241734,10,0
569387,4,599655,18,0
270910,4,402911,15,1
12693,1,1823729,15,0
13039,2,3235045,15,0
148692,3,644870,11,1
797792,5,713656,10,0
797792,6,713656,10,0
12449,2,807493,17,0
562297,5,111946,3,0
456074,5,399470,1,0
12838,3,1917877,15,1
1663711,6,613719,15,0
2989487,4,722787,1,1
410842,3,1984730,10,1
611973,4,3100672,10,0
17494,3,3807973,15,0
12808,1,720252,10,1
1459628,5,794631,1,1
12576,3,191171,1,1
885211,4,355163,18,1
12591,3,337900,15,1
17387,4,2225303,1,0
1773931,5,324948,15,0
456946,4,187432,3,1
416932,3,85714,15,0
1393517,4,312220,14,1
1504893,4,1504893,3,0
12592,2,2307717,15,0
482215,4,3012888,1,1
1296363,5,18761,14,0
675142,4,1366389,1,0
12601,4,99471,17,0
1621441,4,865595,15,0
270910,4,424149,10,0
2956668,5,1467607,15,0
12592,2,20390,15,1
497677,4,460599,3,1
17146,5,2161723,3,0
2465235,6,663851,1,1
1665481,4,622618,15,1
12689,3,934810,15,0
12667,5,2158857,3,0
16911,3,839744,15,0
188089,4,535878,3,0
16815,4,495718,15,0
688641,3,2518703,15,0
410842,3,88263,15,0
17387,4,1050679,15,1
257728,5,727337,10,0
548190,4,1539494,3,1
20138,4,386567,15,0
420558,5,4032283,1,0
602573,1,487151,3,1
1933319,4,222762,15,1
12913,3,13222,1,0
18720,5,380723,1,0
11795,3,1744225,3,0
673545,6,2347955,15,1
898888,4,277104,15,0
187404,3,13406,14,1
3468759,5,340863,1,0
148692,3,1702894,3,1
84029,5,438220,1,1
416932,3,1050679,15,0
14067,5,3488357,3,1
12005,4,898462,15,0
375205,5,3687095,3,0
885211,4,1358770,18,0
12563,2,212373,15,0
3244519,5,238976,3,0
17529,5,613719,15,0
12705,3,497248,3,0
158251,4,17399,15,1
65124,3,65124,3,0
70506,4,195946,15,1
898888,4,2683597,15,0
873249,3,1235914,1,1
1293824,6,16374,8,0
1296363,5,866939,15,0
496921,5,320336,1,0
247957,4,370914,3,1
495357,6,156935,1,1
4018422,5,886453,1,0
12601,3,1988236,15,1
254181,3,2113319,15,0
17416,2,88846,10,0
257728,5,18865,14,1
12705,3,3324558,15,0
12842,5,13418,1,0
12751,4,188029,15,0
12817,3,92897,15,0
12621,2,692610,17,1
2907461,5,669915,15,0
270910,4,11569,10,1
327791,4,447720,15,0
12679,1,3610724,15,0
170311,2,1485800,15,1
644822,4,1247240,15,0
2343106,5,447985,3,1
187404,3,493671,15,0
1663711,5,384318,1,1
12592,2,20390,15,1
12689,3,254894,3,0
12602,3,2626402,3,0
12623,3,12963,1,1
12599,2,1596182,1,0
2029120,5,2108276,14,0
12376,1,1487692,15,1
727417,3,1907756,14,1
3254496,5,2235624,15,1
2008256,5,2414355,3,0
803281,4,1616504,3,0
1262061,4,2613317,1,0
148692,2,265653,3,1
1903530,4,538426,17,1
12611,1,18757,15,0
797792,5,2529890,15,0
4261990,6,44681,10,1
11918,3,222762,15,1
706991,3,49380,3,0
12556,3,234304,14,0
12693,1,880425,15,0
797792,5,713656,10,0
167256,2,600646,17,1
4293798,5,649675,15,1
148692,2,644870,10,1
12612,3,676103,3,0
691617,4,3683457,10,0
2827669,5,468045,1,0
267611,4,108965,15,0
410842,3,610493,1,1
13067,3,577767,10,1
12599,2,588005,15,0
3641210,5,3738620,15,0
1705859,4,1803111,1,1
13604,3,364961,3,0
2021732,5,4150998,1,1
13119,2,436511,1,1
11633,3,618724,15,1
901830,5,2529890,15,0
322654,4,384589,10,1
267611,4,1497337,15,1
2989487,5,969496,1,1
16974,3,12696,1,1
351402,4,55585,15,1
12633,4,44405,15,0
12691,2,249386,1,1
12611,1,263170,1,1
12705,3,2099760,15,0
2282804,5,2172961,3,0
2058216,4,470242,15,0
12838,3,1017866,14,1
17494,3,555918,15,0
16911,3,582023,15,0
12706,2,312218,1,1
11536,3,24617,14,0
1621441,4,1860766,3,0
12623,3,227994,18,0
527448,4,22928,14,0
2253840,4,314770,3,0
268626,4,1848661,3,0
12595,4,302960,14,1
351402,4,1355618,1,1
12222,4,17106,1,1
12751,4,2597739,14,1
2039754,5,11658,17,0
1682805,6,1863964,15,0
324317,4,157273,14,1
11740,1,1663788,10,1
12709,2,386567,15,0
1793444,3,92897,15,0
1718482,3,3317806,15,1
223910,4,2158857,3,1
1946566,3,1574989,14,1
12653,3,2232497,1,1
1383840,4,2279840,10,0
1262061,4,779305,17,0
691617,4,1337575,3,0
1832376,4,169076,3,0
666394,4,339990,15,1
1705859,4,593321,18,0
13329,3,535878,10,0
13016,1,1764123,15,0
253479,4,697348,17,1
12817,3,82287,15,0
1400540,4,11658,1,1
1393517,4,2493637,17,1
480417,4,120257,1,1
1262061,4,2173483,15,0
885211,4,1358770,18,0
327791,4,327791,3,0
11854,3,13418,1,0
1761935,6,175185,1,0
188089,4,652257,10,0
2163950,5,75202,15,1
2163950,5,187557,15,0
2163950,5,187557,15,0
12591,3,16753,15,0
17387,3,4278121,15,0
12586,2,479081,15,0
384849,4,1828039,15,0
122810,4,582391,15,1
12705,3,1497337,15,0
456074,5,141851,3,1
1350305,5,1405093,15,0
419338,5,139443,3,0
13144,3,13144,3,0
2827669,4,154988,15,0
207605,4,301599,14,1
3738010,6,1429552,15,1
13329,3,2001359,3,0
12586,2,12586,3,0
188089,4,340747,15,1
419338,5,480569,10,0
12623,3,216144,18,0
11795,3,893931,3,0
1974979,4,1484943,15,1
1851538,5,202934,3,1
2456236,5,1276046,18,0
12838,3,890799,15,1
12623,3,1468403,1,1
12597,1,12571,3,0
12706,1,12504,15,0
12576,3,1884037,15,0
12697,3,414100,15,0
12583,2,2001359,10,0
659025,3,221813,10,1
1412853,5,17138,3,0
12661,2,88263,15,1
573822,3,2196156,1,1
12705,3,461911,15,0
2058216,4,747200,17,1
11795,3,369242,15,0
416932,3,203110,15,0
13131,2,530188,17,1
12718,3,3936160,15,1
17248,1,868780,10,1
1262061,4,623984,18,0
351402,4,728825,8,0
212883,3,418497,1,0
421297,5,530188,1,0
12693,1,12693,15,0
11553,3,12558,1,1
1621441,4,850257,15,0
445837,3,359459,3,1
12592,2,447720,15,0
13144,3,4293655,14,1
1439339,4,713656,15,1
12597,1,563261,3,0
46733,4,780406,1,1
595622,4,1328584,14,1
13016,1,12571,15,0
2163950,5,724048,1,0
119113,2,4800102,3,1
5149193,5,12014,15,1
3949446,5,324018,15,1
3254496,4,2235624,15,1
99526,3,15950,15,0
12718,3,4836280,14,1
11726,2,18512,10,1
12609,2,907897,10,1
2308873,5,420184,1,1
416932,3,559453,15,0
12576,2,505937,15,0
1621441,4,52725,15,0
68452,4,1664963,10,1
118025,3,4709152,15,0
13165,4,384318,10,0
774224,4,370097,15,1
12838,2,1497337,15,1
1903530,4,1494930,14,1
13863,1,1923772,14,0
13329,3,245229,1,0
12817,3,314792,15,0
404954,4,886453,15,1
1528808,4,3114728,15,1
327791,4,1771085,17,1
2458829,5,435989,15,0
324317,4,3189904,3,1
12591,2,11552,15,1
735551,2,88263,15,1
12631,1,12696,14,1
268626,4,480191,3,0
12653,3,1328002,11,0
2669178,5,85949,15,1
257728,4,18865,15,0
13115,2,90909,14,1
582236,4,663851,1,1
12705,3,497248,3,0
1665481,4,653264,15,0
1516781,5,932236,1,1
3486169,5,4253680,1,1
358028,4,1328584,1,0
13329,3,937845,15,0
50907,4,82287,17,1
135052,3,644870,10,0
12556,2,55585,15,1
167446,3,610493,15,0
871750,5,156935,12,0
5149193,5,413689,15,0
11456,3,2203639,1,1
2092308,5,815231,1,0
497248,3,497248,3,0
2181063,5,4380535,15,1
13604,3,982150,3,0
12937,1,319737,3,1
3244519,5,5184565,3,1
1665481,4,767418,15,1
2008256,5,3189904,1,1
901830,5,2414355,1,1
270910,4,946699,3,0
12667,4,285073,10,0
12610,2,918059,15,1
13134,2,2260567,14,1
16911,3,582023,15,0
338824,3,216144,15,0
12718,3,19211,15,0
1663698,4,538426,17,1
336709,2,1421922,3,1
612718,2,2199111,14,1
5548453,6,1285165,10,1
12621,2,1619620,15,0
268261,3,355163,18,1
421581,5,3317806,1,1
538637,3,82841,15,0
2248519,4,2248519,3,0
473163,5,1630993,1,1
1663698,4,715921,10,1
419338,5,139443,3,0
1703793,4,1539494,10,1
351402,4,322408,14,1
420558,5,12571,15,0
2163950,5,1427316,15,0
265578,3,265578,10,1
647975,4,2669700,1,1
901830,5,3838655,15,0
12669,3,4219033,15,1
322654,4,382299,10,1
327791,4,13172,10,1
410842,3,1273442,15,1
12657,2,308200,1,1
1394671,4,1333445,15,1
1912896,4,2519487,18,0
12705,3,1604291,15,0
527448,4,1487692,15,0
12592,2,880425,15,0
1464683,4,767418,15,1
12573,2,323278,14,0
1473280,4,1473280,3,1
267611,4,1497337,15,1
1350305,4,3055260,15,1
6983568,6,1329164,10,1
2219984,5,1542034,18,0
12621,2,433502,17,1
118025,3,4709152,15,0
12556,2,1328584,15,0
12817,3,1374598,10,1
12621,2,4015992,1,1
1288114,4,322408,15,0
2413216,5,6088646,17,1
5561900,6,3191549,18,0
12592,2,792200,15,0
12161,2,710424,3,1
358028,4,11942,17,0
17302,1,72554,15,1
1464683,4,884678,14,0
13192,3,509705,1,1
3641210,5,2445402,15,0
496921,5,1274054,1,0
241353,4,6543316,14,1
16752,3,322906,15,1
211311,3,533865,15,1
211311,3,533865,15,1
4823084,5,892396,15,1
666394,4,339990,15,1
12689,3,468045,15,0
2163950,5,16753,1,0
11456,3,1249146,14,1
12661,2,538426,17,1
5326847,6,1935679,1,1
16911,3,831119,15,0
5202821,5,918059,15,0
12669,2,4219033,15,1
1400540,4,799964,1,0
527448,4,751620,18,1
932607,3,1651698,1,1
12994,2,1848661,3,1
2330770,5,1605770,18,1
445837,2,5918759,15,1
706991,3,559453,15,0
12576,2,14188,15,0
372706,3,2339320,17,1
666394,4,2172961,15,0
12592,2,20390,15,1
1663711,5,2051767,3,1
3027130,5,699604,17,1
1113096,3,815231,10,1
2172724,5,767418,14,1
351402,4,1050679,18,0
17387,3,1050679,15,1
2698716,4,649530,14,1
1310437,5,1558088,11,1
2299578,5,1401077,15,1
1418420,3,1374146,15,1
2369462,4,390291,1,1
1464683,4,1616292,1,1
11661,3,4024587,1,1
